filename,scene_group,background_colour,prompt
S001_chipheo.png,S001,brick red,"Chi Pheo: gaunt, wiry man in his thirties, shaved head, cropped white-shaved teeth, very dark hard face criss-crossed with scars, glaring eyes, black coarse trousers and a yellow Western-style jacket open on a chest tattooed with dragon, phoenix and a warrior staggering along a village road at midday, holding a broken bottle, arms spread, shouting at the sky; closed paper-cut doors and shutters along the road. Background colour: flat brick red. Modern editorial paper-collage poster, die-cut cut-out figures with white outline and soft shadow, torn paper edges, masking tape, newsprint scraps with illegible text, halftone dots, simple flat paper shapes, woodcut/engraving line figures with limited flat colour; strong foreground/middle/background layering, one clear focal subject; wide 16:9, 1536x1024, subject in the central band, bottom 22% calm. Palette: earth brown #8A5A3C, indigo #2B4A6F, straw yellow #E0B04A, brick red #B5452F. Setting: a northern Vietnamese village around the 1930s. NEGATIVE: no text, no letters, no numbers, no watermark, no logo, no photorealism, no 3D, no gradients, no halo, no gore, no blood."
S003_chipheo.png,S003,indigo,"Close portrait of Chi Pheo: gaunt, wiry man in his thirties, shaved head, cropped white-shaved teeth, very dark hard face criss-crossed with scars, glaring eyes, black coarse trousers and a yellow Western-style jacket open on a chest tattooed with dragon, phoenix and a warrior, tired eyes, a small paper-cut moon behind, one strip of tape; quiet and heavy mood. Background colour: flat indigo. Modern editorial paper-collage poster, die-cut cut-out figures with white outline and soft shadow, torn paper edges, masking tape, newsprint scraps with illegible text, halftone dots, simple flat paper shapes, woodcut/engraving line figures with limited flat colour; strong foreground/middle/background layering, one clear focal subject; wide 16:9, 1536x1024, subject in the central band, bottom 22% calm. Palette: earth brown #8A5A3C, indigo #2B4A6F, straw yellow #E0B04A, brick red #B5452F. Setting: a northern Vietnamese village around the 1930s. NEGATIVE: no text, no letters, no numbers, no watermark, no logo, no photorealism, no 3D, no gradients, no halo, no gore, no blood."
S005_chipheo.png,S005,indigo,"An abandoned old brick kiln at the edge of a village at dawn, a small bundle of cloth at its foot, a distant figure carrying an eel trap walking toward it; very quiet composition. Background colour: flat indigo. Modern editorial paper-collage poster, die-cut cut-out figures with white outline and soft shadow, torn paper edges, masking tape, newsprint scraps with illegible text, halftone dots, simple flat paper shapes, woodcut/engraving line figures with limited flat colour; strong foreground/middle/background layering, one clear focal subject; wide 16:9, 1536x1024, subject in the central band, bottom 22% calm. Palette: earth brown #8A5A3C, indigo #2B4A6F, straw yellow #E0B04A, brick red #B5452F. Setting: a northern Vietnamese village around the 1930s. NEGATIVE: no text, no letters, no numbers, no watermark, no logo, no photorealism, no 3D, no gradients, no halo, no gore, no blood."
S007_chipheo.png,S007,straw yellow,"A young muscular farmhand in his twenties (a younger Chi Pheo, no tattoos yet, full head of hair) kneeling to massage the legs of a seated wealthy lady drawn only as a silhouette behind a bamboo screen; he looks away, ashamed. Background colour: flat straw yellow. Modern editorial paper-collage poster, die-cut cut-out figures with white outline and soft shadow, torn paper edges, masking tape, newsprint scraps with illegible text, halftone dots, simple flat paper shapes, woodcut/engraving line figures with limited flat colour; strong foreground/middle/background layering, one clear focal subject; wide 16:9, 1536x1024, subject in the central band, bottom 22% calm. Palette: earth brown #8A5A3C, indigo #2B4A6F, straw yellow #E0B04A, brick red #B5452F. Setting: a northern Vietnamese village around the 1930s. NEGATIVE: no text, no letters, no numbers, no watermark, no logo, no photorealism, no 3D, no gradients, no halo, no gore, no blood."
S009_chipheo.png,S009,earth brown,"A torn paper rumour: three paper-cut villagers whispering in a row with hands covering mouths, a question mark made of paper shapes between them, a small prison door cut-out in the corner. Background colour: flat earth brown. Modern editorial paper-collage poster, die-cut cut-out figures with white outline and soft shadow, torn paper edges, masking tape, newsprint scraps with illegible text, halftone dots, simple flat paper shapes, woodcut/engraving line figures with limited flat colour; strong foreground/middle/background layering, one clear focal subject; wide 16:9, 1536x1024, subject in the central band, bottom 22% calm. Palette: earth brown #8A5A3C, indigo #2B4A6F, straw yellow #E0B04A, brick red #B5452F. Setting: a northern Vietnamese village around the 1930s. NEGATIVE: no text, no letters, no numbers, no watermark, no logo, no photorealism, no 3D, no gradients, no halo, no gore, no blood."
S010_chipheo.png,S010,straw yellow,"Chi Pheo: gaunt, wiry man in his thirties, shaved head, cropped white-shaved teeth, very dark hard face criss-crossed with scars, glaring eyes, black coarse trousers and a yellow Western-style jacket open on a chest tattooed with dragon, phoenix and a warrior arriving at the edge of the village after years away, long shadow, villagers drawn as small cut-outs turning away or staring from doorways. Background colour: flat straw yellow. Modern editorial paper-collage poster, die-cut cut-out figures with white outline and soft shadow, torn paper edges, masking tape, newsprint scraps with illegible text, halftone dots, simple flat paper shapes, woodcut/engraving line figures with limited flat colour; strong foreground/middle/background layering, one clear focal subject; wide 16:9, 1536x1024, subject in the central band, bottom 22% calm. Palette: earth brown #8A5A3C, indigo #2B4A6F, straw yellow #E0B04A, brick red #B5452F. Setting: a northern Vietnamese village around the 1930s. NEGATIVE: no text, no letters, no numbers, no watermark, no logo, no photorealism, no 3D, no gradients, no halo, no gore, no blood."
S011_chipheo.png,S011,earth brown,"Chi Pheo: gaunt, wiry man in his thirties, shaved head, cropped white-shaved teeth, very dark hard face criss-crossed with scars, glaring eyes, black coarse trousers and a yellow Western-style jacket open on a chest tattooed with dragon, phoenix and a warrior standing before the big brick gate of a wealthy notable's house holding a broken bottle, a silhouette of a woman behind a lattice window; hot afternoon. Background colour: flat earth brown. Modern editorial paper-collage poster, die-cut cut-out figures with white outline and soft shadow, torn paper edges, masking tape, newsprint scraps with illegible text, halftone dots, simple flat paper shapes, woodcut/engraving line figures with limited flat colour; strong foreground/middle/background layering, one clear focal subject; wide 16:9, 1536x1024, subject in the central band, bottom 22% calm. Palette: earth brown #8A5A3C, indigo #2B4A6F, straw yellow #E0B04A, brick red #B5452F. Setting: a northern Vietnamese village around the 1930s. NEGATIVE: no text, no letters, no numbers, no watermark, no logo, no photorealism, no 3D, no gradients, no halo, no gore, no blood."
S012_chipheo.png,S012,indigo,"Ba Kien: man past sixty, thin, calm and calculating, traditional dark ao dai and turban of a 1930s Vietnamese village notable seated on a wooden divan, one open hand inviting, a tea set on the table; opposite him Chi Pheo: gaunt, wiry man in his thirties, shaved head, cropped white-shaved teeth, very dark hard face criss-crossed with scars, glaring eyes, black coarse trousers and a yellow Western-style jacket open on a chest tattooed with dragon, phoenix and a warrior sits hesitantly on the edge of a stool. Background colour: flat indigo. Modern editorial paper-collage poster, die-cut cut-out figures with white outline and soft shadow, torn paper edges, masking tape, newsprint scraps with illegible text, halftone dots, simple flat paper shapes, woodcut/engraving line figures with limited flat colour; strong foreground/middle/background layering, one clear focal subject; wide 16:9, 1536x1024, subject in the central band, bottom 22% calm. Palette: earth brown #8A5A3C, indigo #2B4A6F, straw yellow #E0B04A, brick red #B5452F. Setting: a northern Vietnamese village around the 1930s. NEGATIVE: no text, no letters, no numbers, no watermark, no logo, no photorealism, no 3D, no gradients, no halo, no gore, no blood."
S015_chipheo.png,S015,earth brown,"Chi Pheo: gaunt, wiry man in his thirties, shaved head, cropped white-shaved teeth, very dark hard face criss-crossed with scars, glaring eyes, black coarse trousers and a yellow Western-style jacket open on a chest tattooed with dragon, phoenix and a warrior alone at night with a bottle, the paper-cut village windows dark around him, a big cut-out moon; a sense of being avoided. Background colour: flat earth brown. Modern editorial paper-collage poster, die-cut cut-out figures with white outline and soft shadow, torn paper edges, masking tape, newsprint scraps with illegible text, halftone dots, simple flat paper shapes, woodcut/engraving line figures with limited flat colour; strong foreground/middle/background layering, one clear focal subject; wide 16:9, 1536x1024, subject in the central band, bottom 22% calm. Palette: earth brown #8A5A3C, indigo #2B4A6F, straw yellow #E0B04A, brick red #B5452F. Setting: a northern Vietnamese village around the 1930s. NEGATIVE: no text, no letters, no numbers, no watermark, no logo, no photorealism, no 3D, no gradients, no halo, no gore, no blood."
S017_chipheo.png,S017,straw yellow,"Thi No: unmarried woman in her thirties, plain brown peasant clothes, headscarf, shy warm smile, drawn with dignity, never mocking placing a steaming bowl of onion porridge in front of Chi Pheo: gaunt, wiry man in his thirties, shaved head, cropped white-shaved teeth, very dark hard face criss-crossed with scars, glaring eyes, black coarse trousers and a yellow Western-style jacket open on a chest tattooed with dragon, phoenix and a warrior who sits on a bamboo bed; warm light, steam as curling white paper strips. Background colour: flat straw yellow. Modern editorial paper-collage poster, die-cut cut-out figures with white outline and soft shadow, torn paper edges, masking tape, newsprint scraps with illegible text, halftone dots, simple flat paper shapes, woodcut/engraving line figures with limited flat colour; strong foreground/middle/background layering, one clear focal subject; wide 16:9, 1536x1024, subject in the central band, bottom 22% calm. Palette: earth brown #8A5A3C, indigo #2B4A6F, straw yellow #E0B04A, brick red #B5452F. Setting: a northern Vietnamese village around the 1930s. NEGATIVE: no text, no letters, no numbers, no watermark, no logo, no photorealism, no 3D, no gradients, no halo, no gore, no blood."
S023_chipheo.png,S023,brick red,"Aunt of Thi No: woman about fifty, worn brown clothes, bitter and hurt expression pointing angrily, Thi No: unmarried woman in her thirties, plain brown peasant clothes, headscarf, shy warm smile, drawn with dignity, never mocking looking down, a jagged torn-paper rift dividing the picture between them. Background colour: flat brick red. Modern editorial paper-collage poster, die-cut cut-out figures with white outline and soft shadow, torn paper edges, masking tape, newsprint scraps with illegible text, halftone dots, simple flat paper shapes, woodcut/engraving line figures with limited flat colour; strong foreground/middle/background layering, one clear focal subject; wide 16:9, 1536x1024, subject in the central band, bottom 22% calm. Palette: earth brown #8A5A3C, indigo #2B4A6F, straw yellow #E0B04A, brick red #B5452F. Setting: a northern Vietnamese village around the 1930s. NEGATIVE: no text, no letters, no numbers, no watermark, no logo, no photorealism, no 3D, no gradients, no halo, no gore, no blood."
S024_chipheo.png,S024,earth brown,"Chi Pheo: gaunt, wiry man in his thirties, shaved head, cropped white-shaved teeth, very dark hard face criss-crossed with scars, glaring eyes, black coarse trousers and a yellow Western-style jacket open on a chest tattooed with dragon, phoenix and a warrior standing in the doorway of Ba Kien: man past sixty, thin, calm and calculating, traditional dark ao dai and turban of a 1930s Vietnamese village notable's house at noon, Ba Kien: man past sixty, thin, calm and calculating, traditional dark ao dai and turban of a 1930s Vietnamese village notable reclining on a divan; two figures facing each other with empty space between. Background colour: flat earth brown. Modern editorial paper-collage poster, die-cut cut-out figures with white outline and soft shadow, torn paper edges, masking tape, newsprint scraps with illegible text, halftone dots, simple flat paper shapes, woodcut/engraving line figures with limited flat colour; strong foreground/middle/background layering, one clear focal subject; wide 16:9, 1536x1024, subject in the central band, bottom 22% calm. Palette: earth brown #8A5A3C, indigo #2B4A6F, straw yellow #E0B04A, brick red #B5452F. Setting: a northern Vietnamese village around the 1930s. NEGATIVE: no text, no letters, no numbers, no watermark, no logo, no photorealism, no 3D, no gradients, no halo, no gore, no blood."
S026_chipheo.png,S026,indigo,"A knife-shaped shadow and a broken bottle shard on a plain floor, an overturned chair, no people, no blood; tense and still. Background colour: flat indigo. Modern editorial paper-collage poster, die-cut cut-out figures with white outline and soft shadow, torn paper edges, masking tape, newsprint scraps with illegible text, halftone dots, simple flat paper shapes, woodcut/engraving line figures with limited flat colour; strong foreground/middle/background layering, one clear focal subject; wide 16:9, 1536x1024, subject in the central band, bottom 22% calm. Palette: earth brown #8A5A3C, indigo #2B4A6F, straw yellow #E0B04A, brick red #B5452F. Setting: a northern Vietnamese village around the 1930s. NEGATIVE: no text, no letters, no numbers, no watermark, no logo, no photorealism, no 3D, no gradients, no halo, no gore, no blood."
S027_chipheo.png,S027,straw yellow,"A crowd of small cut-out villagers gathered in a courtyard whispering, a few faintly smiling; in a corner Thi No: unmarried woman in her thirties, plain brown peasant clothes, headscarf, shy warm smile, drawn with dignity, never mocking stands alone looking away. Background colour: flat straw yellow. Modern editorial paper-collage poster, die-cut cut-out figures with white outline and soft shadow, torn paper edges, masking tape, newsprint scraps with illegible text, halftone dots, simple flat paper shapes, woodcut/engraving line figures with limited flat colour; strong foreground/middle/background layering, one clear focal subject; wide 16:9, 1536x1024, subject in the central band, bottom 22% calm. Palette: earth brown #8A5A3C, indigo #2B4A6F, straw yellow #E0B04A, brick red #B5452F. Setting: a northern Vietnamese village around the 1930s. NEGATIVE: no text, no letters, no numbers, no watermark, no logo, no photorealism, no 3D, no gradients, no halo, no gore, no blood."
S028_chipheo.png,S028,earth brown,"The old brick kiln again at dusk, a small lonely figure far away, a lot of empty space, a few paper birds; closing mood. Background colour: flat earth brown. Modern editorial paper-collage poster, die-cut cut-out figures with white outline and soft shadow, torn paper edges, masking tape, newsprint scraps with illegible text, halftone dots, simple flat paper shapes, woodcut/engraving line figures with limited flat colour; strong foreground/middle/background layering, one clear focal subject; wide 16:9, 1536x1024, subject in the central band, bottom 22% calm. Palette: earth brown #8A5A3C, indigo #2B4A6F, straw yellow #E0B04A, brick red #B5452F. Setting: a northern Vietnamese village around the 1930s. NEGATIVE: no text, no letters, no numbers, no watermark, no logo, no photorealism, no 3D, no gradients, no halo, no gore, no blood."
S036_chipheo.png,S036,brick red,"Split composition: left, Chi Pheo: gaunt, wiry man in his thirties, shaved head, cropped white-shaved teeth, very dark hard face criss-crossed with scars, glaring eyes, black coarse trousers and a yellow Western-style jacket open on a chest tattooed with dragon, phoenix and a warrior in shadow with a knife lowered; right, a faint bright doorway made of paper strips; torn-paper line between them (a character is both victim and one who chose). Background colour: flat brick red. Modern editorial paper-collage poster, die-cut cut-out figures with white outline and soft shadow, torn paper edges, masking tape, newsprint scraps with illegible text, halftone dots, simple flat paper shapes, woodcut/engraving line figures with limited flat colour; strong foreground/middle/background layering, one clear focal subject; wide 16:9, 1536x1024, subject in the central band, bottom 22% calm. Palette: earth brown #8A5A3C, indigo #2B4A6F, straw yellow #E0B04A, brick red #B5452F. Setting: a northern Vietnamese village around the 1930s. NEGATIVE: no text, no letters, no numbers, no watermark, no logo, no photorealism, no 3D, no gradients, no halo, no gore, no blood."
S033_chipheo.png,S033,indigo,"Chi Pheo: gaunt, wiry man in his thirties, shaved head, cropped white-shaved teeth, very dark hard face criss-crossed with scars, glaring eyes, black coarse trousers and a yellow Western-style jacket open on a chest tattooed with dragon, phoenix and a warrior seen from behind standing at a crossroads of two paper-cut paths, one toward the village lights, one toward a dark field; reflective. Background colour: flat indigo. Modern editorial paper-collage poster, die-cut cut-out figures with white outline and soft shadow, torn paper edges, masking tape, newsprint scraps with illegible text, halftone dots, simple flat paper shapes, woodcut/engraving line figures with limited flat colour; strong foreground/middle/background layering, one clear focal subject; wide 16:9, 1536x1024, subject in the central band, bottom 22% calm. Palette: earth brown #8A5A3C, indigo #2B4A6F, straw yellow #E0B04A, brick red #B5452F. Setting: a northern Vietnamese village around the 1930s. NEGATIVE: no text, no letters, no numbers, no watermark, no logo, no photorealism, no 3D, no gradients, no halo, no gore, no blood."
