filename,orientation,style,episode,asset_id,characters,reuse,used_in,tags,path
001_gethsemane_torches_night.png,16:9,cinematic,1,2360,,any,1,"gethsemane, night, torches, olive grove, arrest, wide",C:\Users\hoavx\Desktop\AI-Marketing-Factory\biblical-figures-prompts\biblical_figures_ep1_long_images\001_gethsemane_torches_night.png
002_judas_face_torchlight.png,16:9,cinematic,1,2361,judas,with:judas,1,"judas, portrait, torchlight, night, conflicted",C:\Users\hoavx\Desktop\AI-Marketing-Factory\biblical-figures-prompts\biblical_figures_ep1_long_images\002_judas_face_torchlight.png
003_silver_coins_palm.png,16:9,cinematic,1,2362,,any,1,"silver coins, hand, closeup, betrayal, symbol",C:\Users\hoavx\Desktop\AI-Marketing-Factory\biblical-figures-prompts\biblical_figures_ep1_long_images\003_silver_coins_palm.png
004_empty_upper_room_table.png,16:9,cinematic,1,2363,,any,1,"upper room, table, bread, cups, empty, lamp",C:\Users\hoavx\Desktop\AI-Marketing-Factory\biblical-figures-prompts\biblical_figures_ep1_long_images\004_empty_upper_room_table.png
005_ancient_scrolls_lamp.png,16:9,cinematic,1,2364,,any,1,"scrolls, manuscripts, sources, lamp, history",C:\Users\hoavx\Desktop\AI-Marketing-Factory\biblical-figures-prompts\biblical_figures_ep1_long_images\005_ancient_scrolls_lamp.png
006_jerusalem_dusk_wide.png,16:9,cinematic,1,2365,,any,1,"jerusalem, city, dusk, wide, establishing",C:\Users\hoavx\Desktop\AI-Marketing-Factory\biblical-figures-prompts\biblical_figures_ep1_long_images\006_jerusalem_dusk_wide.png
007_judea_hills_roman_road.png,16:9,cinematic,1,2366,,any,1,"judea, hills, roman road, legion, landscape",C:\Users\hoavx\Desktop\AI-Marketing-Factory\biblical-figures-prompts\biblical_figures_ep1_long_images\007_judea_hills_roman_road.png
008_roman_soldiers_gate.png,16:9,cinematic,1,2367,,any,1,"roman soldiers, city gate, occupation, jerusalem",C:\Users\hoavx\Desktop\AI-Marketing-Factory\biblical-figures-prompts\biblical_figures_ep1_long_images\008_roman_soldiers_gate.png
009_temple_mount_wide.png,16:9,cinematic,1,2368,,any,1,"temple, jerusalem, herod, wide, architecture",C:\Users\hoavx\Desktop\AI-Marketing-Factory\biblical-figures-prompts\biblical_figures_ep1_long_images\009_temple_mount_wide.png
010_caiaphas_portrait.png,16:9,cinematic,1,2369,caiaphas,with:caiaphas,1,"caiaphas, high priest, portrait, temple, power",C:\Users\hoavx\Desktop\AI-Marketing-Factory\biblical-figures-prompts\biblical_figures_ep1_long_images\010_caiaphas_portrait.png
011_crowded_street_market.png,16:9,cinematic,1,2370,,any,1,"jerusalem, street, market, crowd, daily life",C:\Users\hoavx\Desktop\AI-Marketing-Factory\biblical-figures-prompts\biblical_figures_ep1_long_images\011_crowded_street_market.png
012_rebels_cave_firelight.png,16:9,cinematic,1,2371,,any,1,"rebels, cave, firelight, resistance, zealots",C:\Users\hoavx\Desktop\AI-Marketing-Factory\biblical-figures-prompts\biblical_figures_ep1_long_images\012_rebels_cave_firelight.png
013_galilee_lake_fishermen.png,16:9,cinematic,1,2372,,any,1,"galilee, lake, fishermen, boats, dawn",C:\Users\hoavx\Desktop\AI-Marketing-Factory\biblical-figures-prompts\biblical_figures_ep1_long_images\013_galilee_lake_fishermen.png
014_jesus_back_crowd_hillside.png,16:9,cinematic,1,2373,,any,1,"jesus, crowd, hillside, teaching, galilee",C:\Users\hoavx\Desktop\AI-Marketing-Factory\biblical-figures-prompts\biblical_figures_ep1_long_images\014_jesus_back_crowd_hillside.png
015_twelve_walking_road.png,16:9,cinematic,1,2374,judas,with:judas,1,"disciples, twelve, road, walking, judas, group",C:\Users\hoavx\Desktop\AI-Marketing-Factory\biblical-figures-prompts\biblical_figures_ep1_long_images\015_twelve_walking_road.png
016_kerioth_village_south.png,16:9,cinematic,1,2375,,any,1,"kerioth, village, judea, south, origin",C:\Users\hoavx\Desktop\AI-Marketing-Factory\biblical-figures-prompts\biblical_figures_ep1_long_images\016_kerioth_village_south.png
017_judas_alone_road_outsider.png,16:9,cinematic,1,2376,judas,avoid: background figure looks like Jesus with face visible,1,"judas, outsider, road, alone, walking",C:\Users\hoavx\Desktop\AI-Marketing-Factory\biblical-figures-prompts\biblical_figures_ep1_long_images\017_judas_alone_road_outsider.png
018_sicarius_dagger_closeup.png,16:9,cinematic,1,2377,,any,1,"dagger, sicarius, weapon, closeup, zealot",C:\Users\hoavx\Desktop\AI-Marketing-Factory\biblical-figures-prompts\biblical_figures_ep1_long_images\018_sicarius_dagger_closeup.png
019_money_pouch_closeup.png,16:9,cinematic,1,2378,,any,1,"money pouch, purse, treasurer, closeup, leather",C:\Users\hoavx\Desktop\AI-Marketing-Factory\biblical-figures-prompts\biblical_figures_ep1_long_images\019_money_pouch_closeup.png
020_judas_counting_coins_lamp.png,16:9,cinematic,1,2379,judas,with:judas,1,"judas, coins, counting, lamp, night, greed",C:\Users\hoavx\Desktop\AI-Marketing-Factory\biblical-figures-prompts\biblical_figures_ep1_long_images\020_judas_counting_coins_lamp.png
021_disciples_campfire_night.png,16:9,cinematic,1,2380,judas,with:judas,1,"disciples, campfire, night, group, judas, fellowship",C:\Users\hoavx\Desktop\AI-Marketing-Factory\biblical-figures-prompts\biblical_figures_ep1_long_images\021_disciples_campfire_night.png
022_judas_listening_crowd.png,16:9,cinematic,1,2381,judas,with:judas,1,"judas, crowd, listening, teaching",C:\Users\hoavx\Desktop\AI-Marketing-Factory\biblical-figures-prompts\biblical_figures_ep1_long_images\022_judas_listening_crowd.png
023_road_to_jerusalem_pilgrims.png,16:9,cinematic,1,2382,,any,1,"pilgrims, road, jerusalem, passover, journey",C:\Users\hoavx\Desktop\AI-Marketing-Factory\biblical-figures-prompts\biblical_figures_ep1_long_images\023_road_to_jerusalem_pilgrims.png
024_passover_crowds_gate.png,16:9,cinematic,1,2383,,any,1,"passover, crowds, gate, jerusalem, festival",C:\Users\hoavx\Desktop\AI-Marketing-Factory\biblical-figures-prompts\biblical_figures_ep1_long_images\024_passover_crowds_gate.png
025_pilate_balcony_watching.png,16:9,cinematic,1,2384,pilate,with:pilate,1,"pilate, governor, balcony, roman, watching",C:\Users\hoavx\Desktop\AI-Marketing-Factory\biblical-figures-prompts\biblical_figures_ep1_long_images\025_pilate_balcony_watching.png
026_temple_tables_overturned.png,16:9,cinematic,1,2385,,any,1,"temple, money changers, tables, disturbance, coins",C:\Users\hoavx\Desktop\AI-Marketing-Factory\biblical-figures-prompts\biblical_figures_ep1_long_images\026_temple_tables_overturned.png
027_priests_council_night.png,16:9,cinematic,1,2386,caiaphas,with:caiaphas,1,"caiaphas, priests, council, night, conspiracy",C:\Users\hoavx\Desktop\AI-Marketing-Factory\biblical-figures-prompts\biblical_figures_ep1_long_images\027_priests_council_night.png
028_bethany_house_evening.png,16:9,cinematic,1,2387,,any,1,"bethany, village, house, evening, dinner",C:\Users\hoavx\Desktop\AI-Marketing-Factory\biblical-figures-prompts\biblical_figures_ep1_long_images\028_bethany_house_evening.png
029_alabaster_jar_perfume.png,16:9,cinematic,1,2388,,any,1,"alabaster jar, perfume, anointing, closeup, bethany",C:\Users\hoavx\Desktop\AI-Marketing-Factory\biblical-figures-prompts\biblical_figures_ep1_long_images\029_alabaster_jar_perfume.png
030_judas_objecting_dinner.png,16:9,cinematic,1,2389,judas,with:judas,1,"judas, dinner, objection, argument, bethany",C:\Users\hoavx\Desktop\AI-Marketing-Factory\biblical-figures-prompts\biblical_figures_ep1_long_images\030_judas_objecting_dinner.png
031_judas_leaving_doorway_night.png,16:9,cinematic,1,2390,judas,with:judas,1,"judas, doorway, leaving, night, decision",C:\Users\hoavx\Desktop\AI-Marketing-Factory\biblical-figures-prompts\biblical_figures_ep1_long_images\031_judas_leaving_doorway_night.png
032_judas_before_priests.png,16:9,cinematic,1,2391,caiaphas+judas,with:caiaphas+judas,1,"judas, caiaphas, priests, bargain, chamber",C:\Users\hoavx\Desktop\AI-Marketing-Factory\biblical-figures-prompts\biblical_figures_ep1_long_images\032_judas_before_priests.png
033_coins_counted_table.png,16:9,cinematic,1,2392,,any,1,"silver coins, counting, priests, bargain, table",C:\Users\hoavx\Desktop\AI-Marketing-Factory\biblical-figures-prompts\biblical_figures_ep1_long_images\033_coins_counted_table.png
034_tyrian_shekel_macro.png,16:9,cinematic,1,2393,,any,1,"tyrian shekel, silver coin, macro, currency",C:\Users\hoavx\Desktop\AI-Marketing-Factory\biblical-figures-prompts\biblical_figures_ep1_long_images\034_tyrian_shekel_macro.png
035_old_scroll_prophecy.png,16:9,cinematic,1,2394,,any,1,"scroll, prophecy, scripture, zechariah, symbol",C:\Users\hoavx\Desktop\AI-Marketing-Factory\biblical-figures-prompts\biblical_figures_ep1_long_images\035_old_scroll_prophecy.png
036_judas_alone_alley_night.png,16:9,cinematic,1,2395,judas,with:judas,1,"judas, alley, night, alone, doubt",C:\Users\hoavx\Desktop\AI-Marketing-Factory\biblical-figures-prompts\biblical_figures_ep1_long_images\036_judas_alone_alley_night.png
037_jerusalem_rooftops_moon.png,16:9,cinematic,1,2396,,any,1,"jerusalem, rooftops, night, moon, city",C:\Users\hoavx\Desktop\AI-Marketing-Factory\biblical-figures-prompts\biblical_figures_ep1_long_images\037_jerusalem_rooftops_moon.png
038_judas_hand_on_pouch.png,16:9,cinematic,1,2397,judas,with:judas,1,"judas, hand, pouch, closeup, waiting",C:\Users\hoavx\Desktop\AI-Marketing-Factory\biblical-figures-prompts\biblical_figures_ep1_long_images\038_judas_hand_on_pouch.png
039_upper_room_wide_supper.png,16:9,cinematic,1,2398,,any,1,"upper room, last supper, passover, lamps, wide",C:\Users\hoavx\Desktop\AI-Marketing-Factory\biblical-figures-prompts\biblical_figures_ep1_long_images\039_upper_room_wide_supper.png
040_bread_wine_closeup.png,16:9,cinematic,1,2399,,any,1,"bread, wine, supper, closeup, hands",C:\Users\hoavx\Desktop\AI-Marketing-Factory\biblical-figures-prompts\biblical_figures_ep1_long_images\040_bread_wine_closeup.png
041_disciples_shocked_faces.png,16:9,cinematic,1,2400,,any,1,"disciples, shocked, supper, reaction, faces",C:\Users\hoavx\Desktop\AI-Marketing-Factory\biblical-figures-prompts\biblical_figures_ep1_long_images\041_disciples_shocked_faces.png
042_judas_face_supper_lamp.png,16:9,cinematic,1,2401,judas,with:judas,1,"judas, supper, portrait, lamp, guilt",C:\Users\hoavx\Desktop\AI-Marketing-Factory\biblical-figures-prompts\biblical_figures_ep1_long_images\042_judas_face_supper_lamp.png
043_hand_dipping_bread.png,16:9,cinematic,1,2402,,any,1,"bread, dish, hand, sign, closeup",C:\Users\hoavx\Desktop\AI-Marketing-Factory\biblical-figures-prompts\biblical_figures_ep1_long_images\043_hand_dipping_bread.png
044_shadow_over_table.png,16:9,cinematic,1,2403,,any,1,"shadow, supper, darkness, omen, table",C:\Users\hoavx\Desktop\AI-Marketing-Factory\biblical-figures-prompts\biblical_figures_ep1_long_images\044_shadow_over_table.png
045_judas_rising_from_table.png,16:9,cinematic,1,2404,judas,with:judas,1,"judas, rising, leaving, supper, decision",C:\Users\hoavx\Desktop\AI-Marketing-Factory\biblical-figures-prompts\biblical_figures_ep1_long_images\045_judas_rising_from_table.png
046_open_door_darkness.png,16:9,cinematic,1,2405,,any,1,"door, darkness, night, exit, symbol",C:\Users\hoavx\Desktop\AI-Marketing-Factory\biblical-figures-prompts\biblical_figures_ep1_long_images\046_open_door_darkness.png
047_empty_seat_table.png,16:9,cinematic,1,2406,,any,1,"empty seat, table, absence, supper",C:\Users\hoavx\Desktop\AI-Marketing-Factory\biblical-figures-prompts\biblical_figures_ep1_long_images\047_empty_seat_table.png
048_kidron_valley_night_path.png,16:9,cinematic,1,2407,,any,1,"kidron valley, night, path, walking, moon",C:\Users\hoavx\Desktop\AI-Marketing-Factory\biblical-figures-prompts\biblical_figures_ep1_long_images\048_kidron_valley_night_path.png
049_jesus_praying_silhouette.png,16:9,cinematic,1,2408,,any,1,"jesus, praying, gethsemane, silhouette, olive trees",C:\Users\hoavx\Desktop\AI-Marketing-Factory\biblical-figures-prompts\biblical_figures_ep1_long_images\049_jesus_praying_silhouette.png
050_armed_party_leaving_city.png,16:9,cinematic,1,2409,judas,with:judas,1,"temple guard, soldiers, torches, night, gate",C:\Users\hoavx\Desktop\AI-Marketing-Factory\biblical-figures-prompts\biblical_figures_ep1_long_images\050_armed_party_leaving_city.png
051_judas_leading_guards_closeup.png,16:9,cinematic,1,2410,judas,with:judas,1,"judas, guards, torches, night, leading",C:\Users\hoavx\Desktop\AI-Marketing-Factory\biblical-figures-prompts\biblical_figures_ep1_long_images\051_judas_leading_guards_closeup.png
052_kiss_silhouette_gethsemane.png,16:9,cinematic,1,2411,judas,with:judas,1,"kiss, betrayal, gethsemane, silhouette, judas, jesus",C:\Users\hoavx\Desktop\AI-Marketing-Factory\biblical-figures-prompts\biblical_figures_ep1_long_images\052_kiss_silhouette_gethsemane.png
053_hands_seizing_cloak.png,16:9,cinematic,1,2412,,any,1,"guards, hands, cloak, arrest, closeup",C:\Users\hoavx\Desktop\AI-Marketing-Factory\biblical-figures-prompts\biblical_figures_ep1_long_images\053_hands_seizing_cloak.png
054_sword_on_ground_torchlight.png,16:9,cinematic,1,2413,,any,1,"sword, ground, torchlight, scuffle, aftermath",C:\Users\hoavx\Desktop\AI-Marketing-Factory\biblical-figures-prompts\biblical_figures_ep1_long_images\054_sword_on_ground_torchlight.png
055_judas_alone_grove.png,16:9,cinematic,1,2414,judas,with:judas,1,"judas, alone, grove, night, aftermath",C:\Users\hoavx\Desktop\AI-Marketing-Factory\biblical-figures-prompts\biblical_figures_ep1_long_images\055_judas_alone_grove.png
056_dawn_jerusalem_walls.png,16:9,cinematic,1,2415,,any,1,"jerusalem, dawn, walls, trial, city",C:\Users\hoavx\Desktop\AI-Marketing-Factory\biblical-figures-prompts\biblical_figures_ep1_long_images\056_dawn_jerusalem_walls.png
057_empty_cross_hill_dusk.png,16:9,cinematic,1,2416,,any,1,"cross, golgotha, hill, dusk, crucifixion, symbol",C:\Users\hoavx\Desktop\AI-Marketing-Factory\biblical-figures-prompts\biblical_figures_ep1_long_images\057_empty_cross_hill_dusk.png
058_judas_throwing_coins_temple.png,16:9,cinematic,1,2417,judas,with:judas,1,"judas, coins, temple, remorse, throwing",C:\Users\hoavx\Desktop\AI-Marketing-Factory\biblical-figures-prompts\biblical_figures_ep1_long_images\058_judas_throwing_coins_temple.png
059_priests_turning_away.png,16:9,cinematic,1,2418,caiaphas,with:caiaphas,1,"priests, caiaphas, indifference, temple",C:\Users\hoavx\Desktop\AI-Marketing-Factory\biblical-figures-prompts\biblical_figures_ep1_long_images\059_priests_turning_away.png
060_rope_bare_tree_dusk.png,16:9,cinematic,1,2419,,never as thumbnail (suicide imagery),1,"rope, tree, death, dusk, symbol",C:\Users\hoavx\Desktop\AI-Marketing-Factory\biblical-figures-prompts\biblical_figures_ep1_long_images\060_rope_bare_tree_dusk.png
061_field_of_blood_valley.png,16:9,cinematic,1,2420,,any,1,"akeldama, field of blood, valley, hinnom, burial",C:\Users\hoavx\Desktop\AI-Marketing-Factory\biblical-figures-prompts\biblical_figures_ep1_long_images\061_field_of_blood_valley.png
062_acts_scroll_lamp.png,16:9,cinematic,1,2421,,any,1,"scroll, acts, second account, lamp, source",C:\Users\hoavx\Desktop\AI-Marketing-Factory\biblical-figures-prompts\biblical_figures_ep1_long_images\062_acts_scroll_lamp.png
063_two_scrolls_side_by_side.png,16:9,cinematic,1,2422,,any,1,"two scrolls, contradiction, sources, comparison",C:\Users\hoavx\Desktop\AI-Marketing-Factory\biblical-figures-prompts\biblical_figures_ep1_long_images\063_two_scrolls_side_by_side.png
064_judas_split_light_face.png,16:9,cinematic,1,2423,judas,with:judas,1,"judas, portrait, split light, mystery, motive",C:\Users\hoavx\Desktop\AI-Marketing-Factory\biblical-figures-prompts\biblical_figures_ep1_long_images\064_judas_split_light_face.png
065_silver_coins_pile.png,16:9,cinematic,1,2424,,any,1,"silver coins, pile, greed, closeup",C:\Users\hoavx\Desktop\AI-Marketing-Factory\biblical-figures-prompts\biblical_figures_ep1_long_images\065_silver_coins_pile.png
066_judas_gazing_temple_distance.png,16:9,cinematic,1,2425,judas,with:judas,1,"judas, temple, distance, disillusion, messiah",C:\Users\hoavx\Desktop\AI-Marketing-Factory\biblical-figures-prompts\biblical_figures_ep1_long_images\066_judas_gazing_temple_distance.png
067_judas_urgent_gesture.png,16:9,cinematic,1,2426,judas,with:judas,1,"judas, urgent, gesture, force his hand, theory",C:\Users\hoavx\Desktop\AI-Marketing-Factory\biblical-figures-prompts\biblical_figures_ep1_long_images\067_judas_urgent_gesture.png
068_codex_desert_cave.png,16:9,cinematic,1,2427,,any,1,"gospel of judas, codex, cave, egypt, discovery",C:\Users\hoavx\Desktop\AI-Marketing-Factory\biblical-figures-prompts\biblical_figures_ep1_long_images\068_codex_desert_cave.png
069_papyrus_fragment_macro.png,16:9,cinematic,1,2428,,any,1,"papyrus, fragment, macro, gospel of judas, manuscript",C:\Users\hoavx\Desktop\AI-Marketing-Factory\biblical-figures-prompts\biblical_figures_ep1_long_images\069_papyrus_fragment_macro.png
070_frozen_lake_underworld.png,16:9,cinematic,1,2429,,any,1,"dante, inferno, frozen lake, underworld, legacy",C:\Users\hoavx\Desktop\AI-Marketing-Factory\biblical-figures-prompts\biblical_figures_ep1_long_images\070_frozen_lake_underworld.png
071_medieval_church_shadows.png,16:9,cinematic,1,2430,,any,1,"medieval, church, shadows, legacy, prejudice",C:\Users\hoavx\Desktop\AI-Marketing-Factory\biblical-figures-prompts\biblical_figures_ep1_long_images\071_medieval_church_shadows.png
072_judas_tree_blossom.png,16:9,cinematic,1,2431,,any,1,"judas tree, blossom, spring, folklore, legend",C:\Users\hoavx\Desktop\AI-Marketing-Factory\biblical-figures-prompts\biblical_figures_ep1_long_images\072_judas_tree_blossom.png
073_easter_effigy_bonfire.png,16:9,cinematic,1,2432,,any,1,"easter, effigy, bonfire, village, tradition",C:\Users\hoavx\Desktop\AI-Marketing-Factory\biblical-figures-prompts\biblical_figures_ep1_long_images\073_easter_effigy_bonfire.png
074_paul_letter_scroll.png,16:9,cinematic,1,2433,,any,1,"paul, letter, scroll, earliest source, handed over",C:\Users\hoavx\Desktop\AI-Marketing-Factory\biblical-figures-prompts\biblical_figures_ep1_long_images\074_paul_letter_scroll.png
075_judas_final_portrait_dusk.png,16:9,cinematic,1,2434,judas,with:judas,1,"judas, portrait, dusk, final, question",C:\Users\hoavx\Desktop\AI-Marketing-Factory\biblical-figures-prompts\biblical_figures_ep1_long_images\075_judas_final_portrait_dusk.png
076_coins_on_stone_dawn.png,16:9,cinematic,1,2435,,any,1,"silver coins, stone, dawn, ending, symbol",C:\Users\hoavx\Desktop\AI-Marketing-Factory\biblical-figures-prompts\biblical_figures_ep1_long_images\076_coins_on_stone_dawn.png
short_01_judas_face_torchlight.png,9:16,cinematic,1,2095,judas,with:judas,1,"judas, portrait, torchlight, hook",C:\Users\hoavx\Desktop\AI-Marketing-Factory\biblical-figures-prompts\biblical_figures_ep1_short_images\short_01_judas_face_torchlight.png
short_02_silver_coins_hand.png,9:16,cinematic,1,2096,,any,1,"silver coins, hand, closeup, betrayal",C:\Users\hoavx\Desktop\AI-Marketing-Factory\biblical-figures-prompts\biblical_figures_ep1_short_images\short_02_silver_coins_hand.png
short_03_kiss_silhouette.png,9:16,cinematic,1,2097,judas,with:judas,1,"kiss, betrayal, silhouette, gethsemane",C:\Users\hoavx\Desktop\AI-Marketing-Factory\biblical-figures-prompts\biblical_figures_ep1_short_images\short_03_kiss_silhouette.png
short_04_rope_tree_dusk.png,9:16,cinematic,1,2098,,any,1,"rope, tree, death, dusk",C:\Users\hoavx\Desktop\AI-Marketing-Factory\biblical-figures-prompts\biblical_figures_ep1_short_images\short_04_rope_tree_dusk.png
short_05_scroll_lamp.png,9:16,cinematic,1,2099,,any,1,"scroll, lamp, sources, mystery",C:\Users\hoavx\Desktop\AI-Marketing-Factory\biblical-figures-prompts\biblical_figures_ep1_short_images\short_05_scroll_lamp.png
short_06_codex_cave.png,9:16,cinematic,1,2100,,any,1,"gospel of judas, codex, cave, discovery",C:\Users\hoavx\Desktop\AI-Marketing-Factory\biblical-figures-prompts\biblical_figures_ep1_short_images\short_06_codex_cave.png
short_07_judas_back_jerusalem.png,9:16,cinematic,1,2101,judas,with:judas,1,"judas, jerusalem, back view, ending",C:\Users\hoavx\Desktop\AI-Marketing-Factory\biblical-figures-prompts\biblical_figures_ep1_short_images\short_07_judas_back_jerusalem.png
ep2_001_pilate_judgement_seat_dawn.png,16:9,mini_low,2,3161,jesus+pilate,with:pilate,2,"pilate, judgment seat, trial, dawn, prisoner",C:\Users\hoavx\Desktop\AI-Marketing-Factory\biblical-figures-prompts\biblical_figures_ep2_long_images\ep2_001_pilate_judgement_seat_dawn.png
ep2_002_pilate_portrait_intense.png,16:9,mini_low,2,3162,pilate,with:pilate,2,"pilate, portrait, governor, intense",C:\Users\hoavx\Desktop\AI-Marketing-Factory\biblical-figures-prompts\biblical_figures_ep2_long_images\ep2_002_pilate_portrait_intense.png
ep2_003_ancient_church_oil_lamps.png,16:9,mini_low,2,3163,,any,2+3,"church, lamps, creed, legacy, interior",C:\Users\hoavx\Desktop\AI-Marketing-Factory\biblical-figures-prompts\biblical_figures_ep2_long_images\ep2_003_ancient_church_oil_lamps.png
ep2_004_sources_scrolls_candle.png,16:9,mini_low,2,3164,,any,2+3+7,"scrolls, sources, candle, history",C:\Users\hoavx\Desktop\AI-Marketing-Factory\biblical-figures-prompts\biblical_figures_ep2_long_images\ep2_004_sources_scrolls_candle.png
ep2_006_jerusalem_dusk_panorama.png,16:9,mini_low,2,3166,,any,2+4,"jerusalem, city, dusk, panorama",C:\Users\hoavx\Desktop\AI-Marketing-Factory\biblical-figures-prompts\biblical_figures_ep2_long_images\ep2_006_jerusalem_dusk_panorama.png
ep2_007_rome_forum_morning.png,16:9,mini_low,2,3167,,any,2+4+8,"rome, forum, city, empire, establishing",C:\Users\hoavx\Desktop\AI-Marketing-Factory\biblical-figures-prompts\biblical_figures_ep2_long_images\ep2_007_rome_forum_morning.png
ep2_009_caesarea_harbor_wide.png,16:9,mini_low,2,3165,,any,2+5,"caesarea, harbor, port, coast, city",C:\Users\hoavx\Desktop\AI-Marketing-Factory\biblical-figures-prompts\biblical_figures_ep2_long_images\ep2_009_caesarea_harbor_wide.png
ep2_012_temple_courts_wide.png,16:9,mini_low,2,3168,,any,2+3+4+5+7,"temple, jerusalem, courts, worship",C:\Users\hoavx\Desktop\AI-Marketing-Factory\biblical-figures-prompts\biblical_figures_ep2_long_images\ep2_012_temple_courts_wide.png
ep2_013_caiaphas_portrait.png,16:9,mini_low,2,3169,caiaphas,with:caiaphas,2,"caiaphas, high priest, portrait",C:\Users\hoavx\Desktop\AI-Marketing-Factory\biblical-figures-prompts\biblical_figures_ep2_long_images\ep2_013_caiaphas_portrait.png
ep2_014_caiaphas_pilate_meeting.png,16:9,mini_low,2,3170,caiaphas+pilate,with:caiaphas+pilate,2,"caiaphas, pilate, meeting, alliance",C:\Users\hoavx\Desktop\AI-Marketing-Factory\biblical-figures-prompts\biblical_figures_ep2_long_images\ep2_014_caiaphas_pilate_meeting.png
ep2_015_standards_night_march.png,16:9,mini_low,2,3171,,any,2+7,"roman standards, soldiers, night, jerusalem, provocation",C:\Users\hoavx\Desktop\AI-Marketing-Factory\biblical-figures-prompts\biblical_figures_ep2_long_images\ep2_015_standards_night_march.png
ep2_018_stadium_soldiers_surround.png,16:9,mini_low,2,3173,,any,2+5,"stadium, soldiers, crowd, standoff, caesarea",C:\Users\hoavx\Desktop\AI-Marketing-Factory\biblical-figures-prompts\biblical_figures_ep2_long_images\ep2_018_stadium_soldiers_surround.png
ep2_019_protesters_kneeling_heads_bowed.png,16:9,mini_low,2,3174,,any,2,"protesters, kneeling, defiance, stadium, faith",C:\Users\hoavx\Desktop\AI-Marketing-Factory\biblical-figures-prompts\biblical_figures_ep2_long_images\ep2_019_protesters_kneeling_heads_bowed.png
ep2_023_aqueduct_construction.png,16:9,mini_low,2,3175,,any,2,"aqueduct, construction, water, engineering, roman",C:\Users\hoavx\Desktop\AI-Marketing-Factory\biblical-figures-prompts\biblical_figures_ep2_long_images\ep2_023_aqueduct_construction.png
ep2_025_angry_crowd_tribunal.png,16:9,mini_low,2,3172,,any,2+7,"crowd, protest, tribunal, anger",C:\Users\hoavx\Desktop\AI-Marketing-Factory\biblical-figures-prompts\biblical_figures_ep2_long_images\ep2_025_angry_crowd_tribunal.png
ep2_028_golden_shields_palace_wall.png,16:9,mini_low,2,3176,,any,2,"golden shields, palace, jerusalem, honor, emperor",C:\Users\hoavx\Desktop\AI-Marketing-Factory\biblical-figures-prompts\biblical_figures_ep2_long_images\ep2_028_golden_shields_palace_wall.png
ep2_034_arrest_olive_grove_torches.png,16:9,mini_low,2,3178,jesus,any,2+3+4+7,"arrest, gethsemane, torches, jesus",C:\Users\hoavx\Desktop\AI-Marketing-Factory\biblical-figures-prompts\biblical_figures_ep2_long_images\ep2_034_arrest_olive_grove_torches.png
ep2_038_pilate_questioning_prisoner.png,16:9,mini_low,2,3179,jesus+pilate,with:pilate,2,"pilate, jesus, interrogation, trial",C:\Users\hoavx\Desktop\AI-Marketing-Factory\biblical-figures-prompts\biblical_figures_ep2_long_images\ep2_038_pilate_questioning_prisoner.png
ep2_040_pilate_window_what_is_truth.png,16:9,mini_low,2,3181,pilate,with:pilate,2,"pilate, window, truth, contemplation",C:\Users\hoavx\Desktop\AI-Marketing-Factory\biblical-figures-prompts\biblical_figures_ep2_long_images\ep2_040_pilate_window_what_is_truth.png
ep2_041_herod_antipas_mocking.png,16:9,mini_low,2,3182,herod,with:herod,2+6+8,"herod antipas, galilee, mockery, palace",C:\Users\hoavx\Desktop\AI-Marketing-Factory\biblical-figures-prompts\biblical_figures_ep2_long_images\ep2_041_herod_antipas_mocking.png
ep2_042_pilates_wife_message.png,16:9,mini_low,2,3183,procula,with:procula,2,"pilate's wife, dream, warning, message",C:\Users\hoavx\Desktop\AI-Marketing-Factory\biblical-figures-prompts\biblical_figures_ep2_long_images\ep2_042_pilates_wife_message.png
ep2_044_crowd_courtyard_shouting.png,16:9,mini_low,2,3177,,any,2,"crowd, courtyard, shouting, choice, barabbas",C:\Users\hoavx\Desktop\AI-Marketing-Factory\biblical-figures-prompts\biblical_figures_ep2_long_images\ep2_044_crowd_courtyard_shouting.png
ep2_045_barabbas_in_chains.png,16:9,mini_low,2,3184,barabbas,with:barabbas,2,"barabbas, prisoner, chains, rebel",C:\Users\hoavx\Desktop\AI-Marketing-Factory\biblical-figures-prompts\biblical_figures_ep2_long_images\ep2_045_barabbas_in_chains.png
ep2_047_pilate_washing_hands_basin.png,16:9,mini_low,2,3185,pilate,with:pilate,2,"pilate, washing hands, basin, water, innocence",C:\Users\hoavx\Desktop\AI-Marketing-Factory\biblical-figures-prompts\biblical_figures_ep2_long_images\ep2_047_pilate_washing_hands_basin.png
ep2_049_ecce_homo_balcony.png,16:9,mini_low,2,3186,jesus+pilate,with:pilate,2,"ecce homo, jesus, pilate, crowd, crown of thorns",C:\Users\hoavx\Desktop\AI-Marketing-Factory\biblical-figures-prompts\biblical_figures_ep2_long_images\ep2_049_ecce_homo_balcony.png
ep2_052_three_crosses_distant_hill.png,16:9,mini_low,2,3187,,any,2+7,"golgotha, crosses, hill, dusk, crucifixion",C:\Users\hoavx\Desktop\AI-Marketing-Factory\biblical-figures-prompts\biblical_figures_ep2_long_images\ep2_052_three_crosses_distant_hill.png
ep2_053_pilate_alone_night_hall.png,16:9,mini_low,2,3180,pilate,with:pilate,2,"pilate, night, alone, doubt, palace",C:\Users\hoavx\Desktop\AI-Marketing-Factory\biblical-figures-prompts\biblical_figures_ep2_long_images\ep2_053_pilate_alone_night_hall.png
ep2_057_samaritans_mount_gerizim.png,16:9,mini_low,2,3188,,any,2,"samaritans, mount gerizim, crowd, prophet, mountain",C:\Users\hoavx\Desktop\AI-Marketing-Factory\biblical-figures-prompts\biblical_figures_ep2_long_images\ep2_057_samaritans_mount_gerizim.png
ep2_060_ship_leaving_caesarea.png,16:9,mini_low,2,3189,,any,2+5,"ship, departure, caesarea, sea, voyage",C:\Users\hoavx\Desktop\AI-Marketing-Factory\biblical-figures-prompts\biblical_figures_ep2_long_images\ep2_060_ship_leaving_caesarea.png
ep2_063_alpine_lake_storm.png,16:9,mini_low,2,3190,,any,2,"alps, lake, storm, legend, mount pilatus",C:\Users\hoavx\Desktop\AI-Marketing-Factory\biblical-figures-prompts\biblical_figures_ep2_long_images\ep2_063_alpine_lake_storm.png
ep2_short_01_pilate_face_torchlight.png,9:16,cinematic,2,3191,pilate,with:pilate,2,"pilate, portrait, hook",C:\Users\hoavx\Desktop\AI-Marketing-Factory\biblical-figures-prompts\biblical_figures_ep2_short_images\ep2_short_01_pilate_face_torchlight.png
ep2_short_02_judgment_seat_prisoner.png,9:16,cinematic,2,3192,pilate,with:pilate,2,"pilate, judgment seat, prisoner, trial",C:\Users\hoavx\Desktop\AI-Marketing-Factory\biblical-figures-prompts\biblical_figures_ep2_short_images\ep2_short_02_judgment_seat_prisoner.png
ep2_short_03_hands_basin_water.png,9:16,cinematic,2,3193,,any,2,"washing hands, basin, water, symbol",C:\Users\hoavx\Desktop\AI-Marketing-Factory\biblical-figures-prompts\biblical_figures_ep2_short_images\ep2_short_03_hands_basin_water.png
ep2_short_04_soldiers_ring_crowd.png,9:16,cinematic,2,3194,,any,2,"soldiers, crowd, force, standoff",C:\Users\hoavx\Desktop\AI-Marketing-Factory\biblical-figures-prompts\biblical_figures_ep2_short_images\ep2_short_04_soldiers_ring_crowd.png
ep2_short_05_ship_sail_dawn.png,9:16,cinematic,2,3195,,any,2,"ship, departure, sea, recall",C:\Users\hoavx\Desktop\AI-Marketing-Factory\biblical-figures-prompts\biblical_figures_ep2_short_images\ep2_short_05_ship_sail_dawn.png
ep2_short_06_alpine_lake_storm.png,9:16,cinematic,2,3196,,any,2,"alps, lake, storm, legend",C:\Users\hoavx\Desktop\AI-Marketing-Factory\biblical-figures-prompts\biblical_figures_ep2_short_images\ep2_short_06_alpine_lake_storm.png
ep2_short_07_pilate_back_dusk.png,9:16,cinematic,2,3197,pilate,with:pilate,2,"pilate, back view, dusk, ending",C:\Users\hoavx\Desktop\AI-Marketing-Factory\biblical-figures-prompts\biblical_figures_ep2_short_images\ep2_short_07_pilate_back_dusk.png
ep3_001_mm_face_portrait.png,16:9,mini_low,3,4029,magdalene,with:magdalene,3,"mary magdalene, portrait, hook",C:\Users\hoavx\Desktop\AI-Marketing-Factory\biblical-figures-prompts\biblical_figures_ep3_long_images\ep3_001_mm_face_portrait.png
ep3_002_mm_tomb_dawn.png,16:9,mini_low,3,4030,magdalene,with:magdalene,3,"mary magdalene, tomb, dawn, alone",C:\Users\hoavx\Desktop\AI-Marketing-Factory\biblical-figures-prompts\biblical_figures_ep3_long_images\ep3_002_mm_tomb_dawn.png
ep3_003_magdala_town_dusk.png,16:9,mini_low,3,4031,,any,3,"magdala, galilee, town, dusk",C:\Users\hoavx\Desktop\AI-Marketing-Factory\biblical-figures-prompts\biblical_figures_ep3_long_images\ep3_003_magdala_town_dusk.png
ep3_004_magdala_harbor_wide.png,16:9,mini_low,3,4032,,any,3+4,"magdala, harbor, fishing, galilee",C:\Users\hoavx\Desktop\AI-Marketing-Factory\biblical-figures-prompts\biblical_figures_ep3_long_images\ep3_004_magdala_harbor_wide.png
ep3_005_migdal_synagogue_stone.png,16:9,mini_low,3,4033,,any,3,"archaeology, synagogue, stone, discovery",C:\Users\hoavx\Desktop\AI-Marketing-Factory\biblical-figures-prompts\biblical_figures_ep3_long_images\ep3_005_migdal_synagogue_stone.png
ep3_006_mm_healed_moment.png,16:9,mini_low,3,4034,magdalene,with:magdalene,3,"mary magdalene, healing, gesture",C:\Users\hoavx\Desktop\AI-Marketing-Factory\biblical-figures-prompts\biblical_figures_ep3_long_images\ep3_006_mm_healed_moment.png
ep3_007_mm_provisions_scene.png,16:9,mini_low,3,4035,magdalene,with:magdalene,3,"mary magdalene, provisions, disciples, support",C:\Users\hoavx\Desktop\AI-Marketing-Factory\biblical-figures-prompts\biblical_figures_ep3_long_images\ep3_007_mm_provisions_scene.png
ep3_009_women_disciples_group_walking.png,16:9,mini_low,3,4036,magdalene,with:magdalene,3,"women, disciples, walking, galilee, group",C:\Users\hoavx\Desktop\AI-Marketing-Factory\biblical-figures-prompts\biblical_figures_ep3_long_images\ep3_009_women_disciples_group_walking.png
ep3_012_mm_watching_distance.png,16:9,mini_low,3,4037,magdalene,with:magdalene,3,"mary magdalene, distance, watching, vigil",C:\Users\hoavx\Desktop\AI-Marketing-Factory\biblical-figures-prompts\biblical_figures_ep3_long_images\ep3_012_mm_watching_distance.png
ep3_013_mm_at_crucifixion_distance.png,16:9,mini_low,3,4038,magdalene,with:magdalene,3,"mary magdalene, crucifixion, distance, witness",C:\Users\hoavx\Desktop\AI-Marketing-Factory\biblical-figures-prompts\biblical_figures_ep3_long_images\ep3_013_mm_at_crucifixion_distance.png
ep3_014_philo_writing_alexandria.png,16:9,mini_low,3,4039,,any,3+4+5+6,"scholar, writing, analysis, alexandria",C:\Users\hoavx\Desktop\AI-Marketing-Factory\biblical-figures-prompts\biblical_figures_ep3_long_images\ep3_014_philo_writing_alexandria.png
ep3_015_roman_court_scene.png,16:9,mini_low,3,4040,,any,3,"roman law, testimony, courtroom, era",C:\Users\hoavx\Desktop\AI-Marketing-Factory\biblical-figures-prompts\biblical_figures_ep3_long_images\ep3_015_roman_court_scene.png
ep3_017_mm_watching_burial.png,16:9,mini_low,3,4041,magdalene,with:magdalene,3,"mary magdalene, burial, tomb, watching",C:\Users\hoavx\Desktop\AI-Marketing-Factory\biblical-figures-prompts\biblical_figures_ep3_long_images\ep3_017_mm_watching_burial.png
ep3_018_mm_walking_dawn_path.png,16:9,mini_low,3,4042,magdalene,with:magdalene,3,"mary magdalene, dawn, path, walking",C:\Users\hoavx\Desktop\AI-Marketing-Factory\biblical-figures-prompts\biblical_figures_ep3_long_images\ep3_018_mm_walking_dawn_path.png
ep3_019_mm_stone_rolled_tomb.png,16:9,mini_low,3,4043,,any,3,"tomb, stone, rolled away, empty",C:\Users\hoavx\Desktop\AI-Marketing-Factory\biblical-figures-prompts\biblical_figures_ep3_long_images\ep3_019_mm_stone_rolled_tomb.png
ep3_021_mm_running_to_tell.png,16:9,mini_low,3,4044,magdalene,with:magdalene,3,"mary magdalene, running, urgency, messenger",C:\Users\hoavx\Desktop\AI-Marketing-Factory\biblical-figures-prompts\biblical_figures_ep3_long_images\ep3_021_mm_running_to_tell.png
ep3_022_mm_weeping_at_tomb.png,16:9,mini_low,3,4045,magdalene,with:magdalene,3,"mary magdalene, weeping, tomb, grief",C:\Users\hoavx\Desktop\AI-Marketing-Factory\biblical-figures-prompts\biblical_figures_ep3_long_images\ep3_022_mm_weeping_at_tomb.png
ep3_023_gardener_figure_from_behind.png,16:9,mini_low,3,4046,,any,3,"figure, garden, silhouette, ambiguous",C:\Users\hoavx\Desktop\AI-Marketing-Factory\biblical-figures-prompts\biblical_figures_ep3_long_images\ep3_023_gardener_figure_from_behind.png
ep3_024_mm_recognition_moment.png,16:9,mini_low,3,4047,magdalene,with:magdalene,3,"mary magdalene, recognition, dawn, joy",C:\Users\hoavx\Desktop\AI-Marketing-Factory\biblical-figures-prompts\biblical_figures_ep3_long_images\ep3_024_mm_recognition_moment.png
ep3_025_mm_announcing_disciples.png,16:9,mini_low,3,4048,magdalene,with:magdalene,3,"mary magdalene, announcing, disciples, news",C:\Users\hoavx\Desktop\AI-Marketing-Factory\biblical-figures-prompts\biblical_figures_ep3_long_images\ep3_025_mm_announcing_disciples.png
ep3_026_manuscript_apostola_title.png,16:9,mini_low,3,4049,,any,3,"manuscript, title, ancient, close-up",C:\Users\hoavx\Desktop\AI-Marketing-Factory\biblical-figures-prompts\biblical_figures_ep3_long_images\ep3_026_manuscript_apostola_title.png
ep3_027_corinthians_scroll_no_name.png,16:9,mini_low,3,4050,,any,3+5,"scroll, letter, corinth, list",C:\Users\hoavx\Desktop\AI-Marketing-Factory\biblical-figures-prompts\biblical_figures_ep3_long_images\ep3_027_corinthians_scroll_no_name.png
ep3_029_pope_gregory_sermon.png,16:9,mini_low,3,4051,,any,3,"pope gregory, sermon, rome, church",C:\Users\hoavx\Desktop\AI-Marketing-Factory\biblical-figures-prompts\biblical_figures_ep3_long_images\ep3_029_pope_gregory_sermon.png
ep3_030_alabaster_jar_anointing.png,16:9,mini_low,3,4052,,any,3,"alabaster jar, anointing, feet, symbol",C:\Users\hoavx\Desktop\AI-Marketing-Factory\biblical-figures-prompts\biblical_figures_ep3_long_images\ep3_030_alabaster_jar_anointing.png
ep3_031_gallery_old_painting.png,16:9,mini_low,3,4053,,any,3,"painting, gallery, legacy, art",C:\Users\hoavx\Desktop\AI-Marketing-Factory\biblical-figures-prompts\biblical_figures_ep3_long_images\ep3_031_gallery_old_painting.png
ep3_034_gospel_of_mary_papyrus.png,16:9,mini_low,3,4054,,any,3+8,"gospel of mary, papyrus, ancient, fragment",C:\Users\hoavx\Desktop\AI-Marketing-Factory\biblical-figures-prompts\biblical_figures_ep3_long_images\ep3_034_gospel_of_mary_papyrus.png
ep3_035_mm_teaching_disciples.png,16:9,mini_low,3,4055,magdalene,with:magdalene,3,"mary magdalene, teaching, disciples, authority",C:\Users\hoavx\Desktop\AI-Marketing-Factory\biblical-figures-prompts\biblical_figures_ep3_long_images\ep3_035_mm_teaching_disciples.png
ep3_036_boat_arrival_provence.png,16:9,mini_low,3,4056,,any,3+8,"boat, provence, france, legend, arrival",C:\Users\hoavx\Desktop\AI-Marketing-Factory\biblical-figures-prompts\biblical_figures_ep3_long_images\ep3_036_boat_arrival_provence.png
ep3_037_hermit_cave_mountain.png,16:9,mini_low,3,4057,,any,3,"hermit, cave, mountain, penance, legend",C:\Users\hoavx\Desktop\AI-Marketing-Factory\biblical-figures-prompts\biblical_figures_ep3_long_images\ep3_037_hermit_cave_mountain.png
ep3_038_modern_readers_debate.png,16:9,mini_low,3,4058,,any,3+4+7,"book, readers, debate, legend",C:\Users\hoavx\Desktop\AI-Marketing-Factory\biblical-figures-prompts\biblical_figures_ep3_long_images\ep3_038_modern_readers_debate.png
ep3_040_mm_final_portrait.png,16:9,mini_low,3,4059,magdalene,with:magdalene,3,"mary magdalene, portrait, final, reflective",C:\Users\hoavx\Desktop\AI-Marketing-Factory\biblical-figures-prompts\biblical_figures_ep3_long_images\ep3_040_mm_final_portrait.png
ep3_041_mm_named_gospels.png,16:9,mini_low,3,4060,,any,3,"mary magdalene, legacy, gospels, honor",C:\Users\hoavx\Desktop\AI-Marketing-Factory\biblical-figures-prompts\biblical_figures_ep3_long_images\ep3_041_mm_named_gospels.png
ep3_044_modern_church_ceremony.png,16:9,mini_low,3,4061,,any,3+4,"church, ceremony, feast day, solemn",C:\Users\hoavx\Desktop\AI-Marketing-Factory\biblical-figures-prompts\biblical_figures_ep3_long_images\ep3_044_modern_church_ceremony.png
ep3_045_mm_walking_away_dawn.png,16:9,mini_low,3,4062,magdalene,with:magdalene,3,"mary magdalene, walking, dawn, ending",C:\Users\hoavx\Desktop\AI-Marketing-Factory\biblical-figures-prompts\biblical_figures_ep3_long_images\ep3_045_mm_walking_away_dawn.png
ep3_short_01_mm_face_close_short.png,9:16,mini_low,3,4063,magdalene,with:magdalene,3,"mary magdalene, portrait, hook",C:\Users\hoavx\Desktop\AI-Marketing-Factory\biblical-figures-prompts\biblical_figures_ep3_short_images\ep3_short_01_mm_face_close_short.png
ep3_short_02_alabaster_jar_short.png,9:16,mini_low,3,4064,,any,3,"alabaster jar, myth, symbol",C:\Users\hoavx\Desktop\AI-Marketing-Factory\biblical-figures-prompts\biblical_figures_ep3_short_images\ep3_short_02_alabaster_jar_short.png
ep3_short_03_mm_healed_short.png,9:16,mini_low,3,4065,magdalene,with:magdalene,3,"mary magdalene, healing, support",C:\Users\hoavx\Desktop\AI-Marketing-Factory\biblical-figures-prompts\biblical_figures_ep3_short_images\ep3_short_03_mm_healed_short.png
ep3_short_04_mm_cross_short.png,9:16,mini_low,3,4066,magdalene,with:magdalene,3,"mary magdalene, crucifixion, distance",C:\Users\hoavx\Desktop\AI-Marketing-Factory\biblical-figures-prompts\biblical_figures_ep3_short_images\ep3_short_04_mm_cross_short.png
ep3_short_05_mm_tomb_short.png,9:16,mini_low,3,4067,magdalene,with:magdalene,3,"mary magdalene, tomb, resurrection",C:\Users\hoavx\Desktop\AI-Marketing-Factory\biblical-figures-prompts\biblical_figures_ep3_short_images\ep3_short_05_mm_tomb_short.png
ep3_short_06_pope_gregory_short.png,9:16,mini_low,3,4068,,any,3,"pope, sermon, myth, retraction",C:\Users\hoavx\Desktop\AI-Marketing-Factory\biblical-figures-prompts\biblical_figures_ep3_short_images\ep3_short_06_pope_gregory_short.png
ep3_short_07_mm_back_dawn_short.png,9:16,mini_low,3,4069,magdalene,with:magdalene,3,"mary magdalene, ending, back view",C:\Users\hoavx\Desktop\AI-Marketing-Factory\biblical-figures-prompts\biblical_figures_ep3_short_images\ep3_short_07_mm_back_dawn_short.png
ep4_001_pt_face_portrait.png,16:9,mini_low,4,4936,peter,with:peter,4,"peter, portrait, hook",C:\Users\hoavx\Desktop\AI-Marketing-Factory\biblical-figures-prompts\biblical_figures_ep4_long_images\ep4_001_pt_face_portrait.png
ep4_002_pt_naming_moment.png,16:9,mini_low,4,4937,jesus+peter,with:peter,4,"peter, naming, rock, jesus",C:\Users\hoavx\Desktop\AI-Marketing-Factory\biblical-figures-prompts\biblical_figures_ep4_long_images\ep4_002_pt_naming_moment.png
ep4_003_galilee_boat_dawn.png,16:9,mini_low,4,4938,,any,4,"galilee, boat, dawn, sea",C:\Users\hoavx\Desktop\AI-Marketing-Factory\biblical-figures-prompts\biblical_figures_ep4_long_images\ep4_003_galilee_boat_dawn.png
ep4_004_pt_fishing_nets.png,16:9,mini_low,4,4939,peter,with:peter,4,"peter, andrew, fishing, nets, galilee",C:\Users\hoavx\Desktop\AI-Marketing-Factory\biblical-figures-prompts\biblical_figures_ep4_long_images\ep4_004_pt_fishing_nets.png
ep4_006_pt_calling_by_lake.png,16:9,mini_low,4,4940,jesus+peter,with:peter,4,"peter, calling, jesus, lake",C:\Users\hoavx\Desktop\AI-Marketing-Factory\biblical-figures-prompts\biblical_figures_ep4_long_images\ep4_006_pt_calling_by_lake.png
ep4_007_pt_healing_motherinlaw.png,16:9,mini_low,4,4941,,any,4,"peter, household, healing, capernaum",C:\Users\hoavx\Desktop\AI-Marketing-Factory\biblical-figures-prompts\biblical_figures_ep4_long_images\ep4_007_pt_healing_motherinlaw.png
ep4_009_pt_walking_on_water.png,16:9,mini_low,4,4942,jesus+peter,with:peter,4,"peter, water, storm, faith, doubt",C:\Users\hoavx\Desktop\AI-Marketing-Factory\biblical-figures-prompts\biblical_figures_ep4_long_images\ep4_009_pt_walking_on_water.png
ep4_010_pt_confession_caesarea.png,16:9,mini_low,4,4943,jesus+peter,with:peter,4,"peter, confession, messiah, caesarea philippi",C:\Users\hoavx\Desktop\AI-Marketing-Factory\biblical-figures-prompts\biblical_figures_ep4_long_images\ep4_010_pt_confession_caesarea.png
ep4_011_pt_rebuked_satan.png,16:9,mini_low,4,4944,jesus+peter,with:peter,4,"peter, rebuke, satan, contrast",C:\Users\hoavx\Desktop\AI-Marketing-Factory\biblical-figures-prompts\biblical_figures_ep4_long_images\ep4_011_pt_rebuked_satan.png
ep4_012_pt_transfiguration.png,16:9,mini_low,4,4945,peter,with:peter,4,"peter, transfiguration, mountain, awe",C:\Users\hoavx\Desktop\AI-Marketing-Factory\biblical-figures-prompts\biblical_figures_ep4_long_images\ep4_012_pt_transfiguration.png
ep4_014_pt_last_supper_boast.png,16:9,mini_low,4,4946,jesus+peter,with:peter,4,"peter, supper, boast, prediction",C:\Users\hoavx\Desktop\AI-Marketing-Factory\biblical-figures-prompts\biblical_figures_ep4_long_images\ep4_014_pt_last_supper_boast.png
ep4_016_pt_sword_ear.png,16:9,mini_low,4,4947,peter,with:peter,4,"peter, sword, malchus, arrest",C:\Users\hoavx\Desktop\AI-Marketing-Factory\biblical-figures-prompts\biblical_figures_ep4_long_images\ep4_016_pt_sword_ear.png
ep4_017_pt_following_at_distance.png,16:9,mini_low,4,4948,peter,with:peter,4,"peter, courtyard, following, distance",C:\Users\hoavx\Desktop\AI-Marketing-Factory\biblical-figures-prompts\biblical_figures_ep4_long_images\ep4_017_pt_following_at_distance.png
ep4_018_pt_denial_first.png,16:9,mini_low,4,4949,peter,with:peter,4,"peter, denial, fire, courtyard",C:\Users\hoavx\Desktop\AI-Marketing-Factory\biblical-figures-prompts\biblical_figures_ep4_long_images\ep4_018_pt_denial_first.png
ep4_019_pt_denial_third_rooster.png,16:9,mini_low,4,4950,jesus+peter,with:peter,4,"peter, denial, rooster, gaze",C:\Users\hoavx\Desktop\AI-Marketing-Factory\biblical-figures-prompts\biblical_figures_ep4_long_images\ep4_019_pt_denial_third_rooster.png
ep4_020_pt_weeping_bitterly.png,16:9,mini_low,4,4951,peter,with:peter,4,"peter, weeping, grief, shame",C:\Users\hoavx\Desktop\AI-Marketing-Factory\biblical-figures-prompts\biblical_figures_ep4_long_images\ep4_020_pt_weeping_bitterly.png
ep4_021_pt_running_to_tomb.png,16:9,mini_low,4,4952,peter,with:peter,4,"peter, tomb, running, resurrection",C:\Users\hoavx\Desktop\AI-Marketing-Factory\biblical-figures-prompts\biblical_figures_ep4_long_images\ep4_021_pt_running_to_tomb.png
ep4_022_pt_restoration_seaside.png,16:9,mini_low,4,4953,jesus+peter,with:peter,4,"peter, restoration, galilee, forgiveness",C:\Users\hoavx\Desktop\AI-Marketing-Factory\biblical-figures-prompts\biblical_figures_ep4_long_images\ep4_022_pt_restoration_seaside.png
ep4_023_pt_pentecost_sermon.png,16:9,mini_low,4,4954,peter,with:peter,4,"peter, pentecost, sermon, crowd",C:\Users\hoavx\Desktop\AI-Marketing-Factory\biblical-figures-prompts\biblical_figures_ep4_long_images\ep4_023_pt_pentecost_sermon.png
ep4_025_pt_before_sanhedrin.png,16:9,mini_low,4,4955,peter,with:peter,4+7,"peter, council, sanhedrin, defiance",C:\Users\hoavx\Desktop\AI-Marketing-Factory\biblical-figures-prompts\biblical_figures_ep4_long_images\ep4_025_pt_before_sanhedrin.png
ep4_026_pt_prison_angel.png,16:9,mini_low,4,4956,peter,with:peter,4,"peter, prison, angel, escape",C:\Users\hoavx\Desktop\AI-Marketing-Factory\biblical-figures-prompts\biblical_figures_ep4_long_images\ep4_026_pt_prison_angel.png
ep4_027_pt_vision_rooftop.png,16:9,mini_low,4,4957,peter,with:peter,4,"peter, vision, rooftop, joppa",C:\Users\hoavx\Desktop\AI-Marketing-Factory\biblical-figures-prompts\biblical_figures_ep4_long_images\ep4_027_pt_vision_rooftop.png
ep4_028_pt_cornelius_baptism.png,16:9,mini_low,4,4958,peter,with:peter,4,"peter, cornelius, baptism, gentile",C:\Users\hoavx\Desktop\AI-Marketing-Factory\biblical-figures-prompts\biblical_figures_ep4_long_images\ep4_028_pt_cornelius_baptism.png
ep4_029_pt_paul_confrontation.png,16:9,mini_low,4,4959,paul+peter,with:paul+peter,4+5,"peter, paul, antioch, conflict",C:\Users\hoavx\Desktop\AI-Marketing-Factory\biblical-figures-prompts\biblical_figures_ep4_long_images\ep4_029_pt_paul_confrontation.png
ep4_031_pt_fading_record.png,16:9,mini_low,4,4960,,any,4,"peter, record, scroll, fading",C:\Users\hoavx\Desktop\AI-Marketing-Factory\biblical-figures-prompts\biblical_figures_ep4_long_images\ep4_031_pt_fading_record.png
ep4_033_pt_first_letter_babylon.png,16:9,mini_low,4,4961,,any,4,"peter, letter, babylon, rome",C:\Users\hoavx\Desktop\AI-Marketing-Factory\biblical-figures-prompts\biblical_figures_ep4_long_images\ep4_033_pt_first_letter_babylon.png
ep4_034_pt_quo_vadis.png,16:9,mini_low,4,4962,peter,with:peter,4,"peter, quo vadis, vision, road",C:\Users\hoavx\Desktop\AI-Marketing-Factory\biblical-figures-prompts\biblical_figures_ep4_long_images\ep4_034_pt_quo_vadis.png
ep4_035_pt_nero_persecution.png,16:9,mini_low,4,4963,,any,4,"nero, rome, fire, persecution",C:\Users\hoavx\Desktop\AI-Marketing-Factory\biblical-figures-prompts\biblical_figures_ep4_long_images\ep4_035_pt_nero_persecution.png
ep4_036_pt_martyrdom_upside_down.png,16:9,mini_low,4,4964,,any,4,"peter, martyrdom, tradition, symbol",C:\Users\hoavx\Desktop\AI-Marketing-Factory\biblical-figures-prompts\biblical_figures_ep4_long_images\ep4_036_pt_martyrdom_upside_down.png
ep4_038_pt_vatican_excavation.png,16:9,mini_low,4,4965,,any,4,"vatican, excavation, basilica, bones",C:\Users\hoavx\Desktop\AI-Marketing-Factory\biblical-figures-prompts\biblical_figures_ep4_long_images\ep4_038_pt_vatican_excavation.png
ep4_040_pt_letters_scroll.png,16:9,mini_low,4,4966,,any,4,"peter, letters, scroll, scholarship",C:\Users\hoavx\Desktop\AI-Marketing-Factory\biblical-figures-prompts\biblical_figures_ep4_long_images\ep4_040_pt_letters_scroll.png
ep4_041_pt_papacy_legacy.png,16:9,mini_low,4,4967,,any,4,"peter, papacy, legacy, rome",C:\Users\hoavx\Desktop\AI-Marketing-Factory\biblical-figures-prompts\biblical_figures_ep4_long_images\ep4_041_pt_papacy_legacy.png
ep4_042_pt_orthodox_protestant_view.png,16:9,mini_low,4,4968,,any,4,"peter, interpretation, tradition, debate",C:\Users\hoavx\Desktop\AI-Marketing-Factory\biblical-figures-prompts\biblical_figures_ep4_long_images\ep4_042_pt_orthodox_protestant_view.png
ep4_043_pt_final_portrait.png,16:9,mini_low,4,4969,peter,with:peter,4,"peter, portrait, final, reflective",C:\Users\hoavx\Desktop\AI-Marketing-Factory\biblical-figures-prompts\biblical_figures_ep4_long_images\ep4_043_pt_final_portrait.png
ep4_short_01_pt_face_close_short.png,9:16,mini_low,4,4970,peter,with:peter,4,"peter, portrait, hook",C:\Users\hoavx\Desktop\AI-Marketing-Factory\biblical-figures-prompts\biblical_figures_ep4_short_images\ep4_short_01_pt_face_close_short.png
ep4_short_02_pt_rooster_short.png,9:16,mini_low,4,4971,,any,4,"peter, rooster, denial, dawn",C:\Users\hoavx\Desktop\AI-Marketing-Factory\biblical-figures-prompts\biblical_figures_ep4_short_images\ep4_short_02_pt_rooster_short.png
ep4_short_03_pt_weeping_short.png,9:16,mini_low,4,4972,peter,with:peter,4,"peter, weeping, grief",C:\Users\hoavx\Desktop\AI-Marketing-Factory\biblical-figures-prompts\biblical_figures_ep4_short_images\ep4_short_03_pt_weeping_short.png
ep4_short_04_pt_pentecost_short.png,9:16,mini_low,4,4973,peter,with:peter,4,"peter, pentecost, sermon",C:\Users\hoavx\Desktop\AI-Marketing-Factory\biblical-figures-prompts\biblical_figures_ep4_short_images\ep4_short_04_pt_pentecost_short.png
ep4_short_05_pt_martyrdom_short.png,9:16,mini_low,4,4974,,any,4,"peter, martyrdom, rome, symbol",C:\Users\hoavx\Desktop\AI-Marketing-Factory\biblical-figures-prompts\biblical_figures_ep4_short_images\ep4_short_05_pt_martyrdom_short.png
ep4_short_06_pt_vatican_short.png,9:16,mini_low,4,4975,,any,4,"vatican, bones, debate",C:\Users\hoavx\Desktop\AI-Marketing-Factory\biblical-figures-prompts\biblical_figures_ep4_short_images\ep4_short_06_pt_vatican_short.png
ep4_short_07_pt_back_shore_short.png,9:16,mini_low,4,4976,peter,with:peter,4,"peter, ending, back view",C:\Users\hoavx\Desktop\AI-Marketing-Factory\biblical-figures-prompts\biblical_figures_ep4_short_images\ep4_short_07_pt_back_shore_short.png
ep5_001_pl_face_portrait.png,16:9,mini_low,5,5248,paul,with:paul,5,"paul, portrait, hook",C:\Users\hoavx\Desktop\AI-Marketing-Factory\biblical-figures-prompts\biblical_figures_ep5_long_images\ep5_001_pl_face_portrait.png
ep5_002_pl_saul_tarsus_student.png,16:9,mini_low,5,5249,paul,with:paul,5,"saul, tarsus, pharisee, student",C:\Users\hoavx\Desktop\AI-Marketing-Factory\biblical-figures-prompts\biblical_figures_ep5_long_images\ep5_002_pl_saul_tarsus_student.png
ep5_003_judea_desert_road_dawn.png,16:9,mini_low,5,5250,,any,5+6,"road, desert, journey, establishing",C:\Users\hoavx\Desktop\AI-Marketing-Factory\biblical-figures-prompts\biblical_figures_ep5_long_images\ep5_003_judea_desert_road_dawn.png
ep5_004_pl_stephen_stoning.png,16:9,mini_low,5,5251,paul,with:paul,5,"saul, stephen, stoning, witness",C:\Users\hoavx\Desktop\AI-Marketing-Factory\biblical-figures-prompts\biblical_figures_ep5_long_images\ep5_004_pl_stephen_stoning.png
ep5_005_pl_persecutor_dragging.png,16:9,mini_low,5,5252,paul,with:paul,5,"saul, persecution, arrest, household",C:\Users\hoavx\Desktop\AI-Marketing-Factory\biblical-figures-prompts\biblical_figures_ep5_long_images\ep5_005_pl_persecutor_dragging.png
ep5_006_pl_damascus_letters.png,16:9,mini_low,5,5253,paul,with:paul,5,"saul, high priest, authorization, damascus",C:\Users\hoavx\Desktop\AI-Marketing-Factory\biblical-figures-prompts\biblical_figures_ep5_long_images\ep5_006_pl_damascus_letters.png
ep5_007_pl_damascus_road_light.png,16:9,mini_low,5,5254,paul,with:paul,5,"saul, damascus road, conversion, light",C:\Users\hoavx\Desktop\AI-Marketing-Factory\biblical-figures-prompts\biblical_figures_ep5_long_images\ep5_007_pl_damascus_road_light.png
ep5_008_pl_blinded_damascus.png,16:9,mini_low,5,5255,paul,with:paul,5,"saul, blind, damascus, waiting",C:\Users\hoavx\Desktop\AI-Marketing-Factory\biblical-figures-prompts\biblical_figures_ep5_long_images\ep5_008_pl_blinded_damascus.png
ep5_009_pl_ananias_vision.png,16:9,mini_low,5,5256,,any,5,"ananias, vision, damascus, hesitation",C:\Users\hoavx\Desktop\AI-Marketing-Factory\biblical-figures-prompts\biblical_figures_ep5_long_images\ep5_009_pl_ananias_vision.png
ep5_010_pl_ananias_healing.png,16:9,mini_low,5,5257,paul,with:paul,5,"ananias, healing, baptism, saul",C:\Users\hoavx\Desktop\AI-Marketing-Factory\biblical-figures-prompts\biblical_figures_ep5_long_images\ep5_010_pl_ananias_healing.png
ep5_011_pl_preaching_synagogues.png,16:9,mini_low,5,5258,paul,with:paul,5,"saul, preaching, synagogue, damascus",C:\Users\hoavx\Desktop\AI-Marketing-Factory\biblical-figures-prompts\biblical_figures_ep5_long_images\ep5_011_pl_preaching_synagogues.png
ep5_012_pl_basket_escape.png,16:9,mini_low,5,5259,paul,with:paul,5,"saul, escape, basket, wall",C:\Users\hoavx\Desktop\AI-Marketing-Factory\biblical-figures-prompts\biblical_figures_ep5_long_images\ep5_012_pl_basket_escape.png
ep5_013_pl_jerusalem_barnabas_vouches.png,16:9,mini_low,5,5260,paul,with:paul,5,"barnabas, jerusalem, apostles, trust",C:\Users\hoavx\Desktop\AI-Marketing-Factory\biblical-figures-prompts\biblical_figures_ep5_long_images\ep5_013_pl_jerusalem_barnabas_vouches.png
ep5_014_antioch_christians_named.png,16:9,mini_low,5,5261,paul,with:paul,5,"antioch, barnabas, christians, naming",C:\Users\hoavx\Desktop\AI-Marketing-Factory\biblical-figures-prompts\biblical_figures_ep5_long_images\ep5_014_antioch_christians_named.png
ep5_016_pl_paphos_renamed.png,16:9,mini_low,5,5262,paul,with:paul,5,"paul, cyprus, paphos, renaming",C:\Users\hoavx\Desktop\AI-Marketing-Factory\biblical-figures-prompts\biblical_figures_ep5_long_images\ep5_016_pl_paphos_renamed.png
ep5_017_pisidian_antioch_synagogue.png,16:9,mini_low,5,5263,paul,with:paul,5,"paul, synagogue, preaching, backlash",C:\Users\hoavx\Desktop\AI-Marketing-Factory\biblical-figures-prompts\biblical_figures_ep5_long_images\ep5_017_pisidian_antioch_synagogue.png
ep5_018_lystra_mistaken_gods.png,16:9,mini_low,5,5264,paul,with:paul,5,"lystra, mistaken gods, crowd, horror",C:\Users\hoavx\Desktop\AI-Marketing-Factory\biblical-figures-prompts\biblical_figures_ep5_long_images\ep5_018_lystra_mistaken_gods.png
ep5_019_pl_lystra_stoned.png,16:9,mini_low,5,5265,paul,with:paul,5,"paul, lystra, stoning, recovery",C:\Users\hoavx\Desktop\AI-Marketing-Factory\biblical-figures-prompts\biblical_figures_ep5_long_images\ep5_019_pl_lystra_stoned.png
ep5_022_pl_macedonia_vision.png,16:9,mini_low,5,5266,paul,with:paul,5,"paul, vision, macedonia, dream",C:\Users\hoavx\Desktop\AI-Marketing-Factory\biblical-figures-prompts\biblical_figures_ep5_long_images\ep5_022_pl_macedonia_vision.png
ep5_023_philippi_lydia_convert.png,16:9,mini_low,5,5267,,any,5,"philippi, lydia, baptism, convert",C:\Users\hoavx\Desktop\AI-Marketing-Factory\biblical-figures-prompts\biblical_figures_ep5_long_images\ep5_023_philippi_lydia_convert.png
ep5_024_philippi_jail_earthquake.png,16:9,mini_low,5,5268,paul,with:paul,5,"paul, prison, earthquake, jailer",C:\Users\hoavx\Desktop\AI-Marketing-Factory\biblical-figures-prompts\biblical_figures_ep5_long_images\ep5_024_philippi_jail_earthquake.png
ep5_025_athens_areopagus_speech.png,16:9,mini_low,5,5269,paul,with:paul,5,"athens, areopagus, philosophers, speech",C:\Users\hoavx\Desktop\AI-Marketing-Factory\biblical-figures-prompts\biblical_figures_ep5_long_images\ep5_025_athens_areopagus_speech.png
ep5_026_ephesus_demetrius_riot.png,16:9,mini_low,5,5270,,any,5,"ephesus, riot, demetrius, artemis",C:\Users\hoavx\Desktop\AI-Marketing-Factory\biblical-figures-prompts\biblical_figures_ep5_long_images\ep5_026_ephesus_demetrius_riot.png
ep5_028_pl_thorn_in_flesh.png,16:9,mini_low,5,5271,paul,with:paul,5,"paul, affliction, prayer, mystery",C:\Users\hoavx\Desktop\AI-Marketing-Factory\biblical-figures-prompts\biblical_figures_ep5_long_images\ep5_028_pl_thorn_in_flesh.png
ep5_029_pl_sufferings_catalogue.png,16:9,mini_low,5,5272,paul,with:paul,5,"paul, suffering, shipwreck, list",C:\Users\hoavx\Desktop\AI-Marketing-Factory\biblical-figures-prompts\biblical_figures_ep5_long_images\ep5_029_pl_sufferings_catalogue.png
ep5_030_pl_jerusalem_temple_riot.png,16:9,mini_low,5,5273,paul,with:paul,5,"paul, temple, riot, rescue",C:\Users\hoavx\Desktop\AI-Marketing-Factory\biblical-figures-prompts\biblical_figures_ep5_long_images\ep5_030_pl_jerusalem_temple_riot.png
ep5_031_pl_reveals_citizenship.png,16:9,mini_low,5,5274,paul,with:paul,5,"paul, roman citizen, soldiers, protection",C:\Users\hoavx\Desktop\AI-Marketing-Factory\biblical-figures-prompts\biblical_figures_ep5_long_images\ep5_031_pl_reveals_citizenship.png
ep5_032_pl_before_sanhedrin_split.png,16:9,mini_low,5,5275,paul,with:paul,5,"paul, sanhedrin, pharisees, sadducees",C:\Users\hoavx\Desktop\AI-Marketing-Factory\biblical-figures-prompts\biblical_figures_ep5_long_images\ep5_032_pl_before_sanhedrin_split.png
ep5_035_pl_shipwreck_malta.png,16:9,mini_low,5,5276,,any,5,"shipwreck, malta, storm, survival",C:\Users\hoavx\Desktop\AI-Marketing-Factory\biblical-figures-prompts\biblical_figures_ep5_long_images\ep5_035_pl_shipwreck_malta.png
ep5_036_pl_malta_viper.png,16:9,mini_low,5,5277,paul,with:paul,5,"paul, malta, viper, wonder",C:\Users\hoavx\Desktop\AI-Marketing-Factory\biblical-figures-prompts\biblical_figures_ep5_long_images\ep5_036_pl_malta_viper.png
ep5_037_pl_rome_house_arrest.png,16:9,mini_low,5,5278,paul,with:paul,5,"paul, rome, house arrest, writing",C:\Users\hoavx\Desktop\AI-Marketing-Factory\biblical-figures-prompts\biblical_figures_ep5_long_images\ep5_037_pl_rome_house_arrest.png
ep5_038_pl_beheaded_nero.png,16:9,mini_low,5,5279,,any,5,"paul, martyrdom, nero, tradition",C:\Users\hoavx\Desktop\AI-Marketing-Factory\biblical-figures-prompts\biblical_figures_ep5_long_images\ep5_038_pl_beheaded_nero.png
ep5_039_pl_san_paolo_burial.png,16:9,mini_low,5,5280,,any,5,"paul, burial, basilica, rome",C:\Users\hoavx\Desktop\AI-Marketing-Factory\biblical-figures-prompts\biblical_figures_ep5_long_images\ep5_039_pl_san_paolo_burial.png
ep5_041_pl_final_portrait.png,16:9,mini_low,5,5281,paul,with:paul,5,"paul, portrait, final, reflective",C:\Users\hoavx\Desktop\AI-Marketing-Factory\biblical-figures-prompts\biblical_figures_ep5_long_images\ep5_041_pl_final_portrait.png
ep5_short_01_pl_face_close_short.png,9:16,mini_low,5,5227,paul,with:paul,5,"paul, portrait, hook",C:\Users\hoavx\Desktop\AI-Marketing-Factory\biblical-figures-prompts\biblical_figures_ep5_short_images\ep5_short_01_pl_face_close_short.png
ep5_short_02_pl_damascus_light_short.png,9:16,mini_low,5,5228,paul,with:paul,5,"paul, damascus, light, conversion",C:\Users\hoavx\Desktop\AI-Marketing-Factory\biblical-figures-prompts\biblical_figures_ep5_short_images\ep5_short_02_pl_damascus_light_short.png
ep5_short_03_pl_preaching_short.png,9:16,mini_low,5,5229,paul,with:paul,5,"paul, preaching, synagogue",C:\Users\hoavx\Desktop\AI-Marketing-Factory\biblical-figures-prompts\biblical_figures_ep5_short_images\ep5_short_03_pl_preaching_short.png
ep5_short_04_pl_shipwreck_short.png,9:16,mini_low,5,5230,paul,with:paul,5,"paul, shipwreck, suffering",C:\Users\hoavx\Desktop\AI-Marketing-Factory\biblical-figures-prompts\biblical_figures_ep5_short_images\ep5_short_04_pl_shipwreck_short.png
ep5_short_05_pl_letters_short.png,9:16,mini_low,5,5231,paul,with:paul,5,"paul, letters, prison, writing",C:\Users\hoavx\Desktop\AI-Marketing-Factory\biblical-figures-prompts\biblical_figures_ep5_short_images\ep5_short_05_pl_letters_short.png
ep5_short_06_pl_beheaded_short.png,9:16,mini_low,5,5232,,any,5,"paul, martyrdom, nero, symbol",C:\Users\hoavx\Desktop\AI-Marketing-Factory\biblical-figures-prompts\biblical_figures_ep5_short_images\ep5_short_06_pl_beheaded_short.png
ep5_short_07_pl_back_hillside_short.png,9:16,mini_low,5,5233,paul,with:paul,5,"paul, ending, back view",C:\Users\hoavx\Desktop\AI-Marketing-Factory\biblical-figures-prompts\biblical_figures_ep5_short_images\ep5_short_07_pl_back_hillside_short.png
ep6_001_jb_face_portrait.png,16:9,mini_low,6,5387,baptist,with:baptist,6,"baptist, portrait, hook",C:\Users\hoavx\Desktop\AI-Marketing-Factory\biblical-figures-prompts\biblical_figures_ep6_long_images\ep6_001_jb_face_portrait.png
ep6_002_jb_birth_and_visitation.png,16:9,mini_low,6,5388,,any,6,"elizabeth, mary, visitation, pregnancy",C:\Users\hoavx\Desktop\AI-Marketing-Factory\biblical-figures-prompts\biblical_figures_ep6_long_images\ep6_002_jb_birth_and_visitation.png
ep6_003_judean_wilderness_establishing.png,16:9,mini_low,6,5389,,any,6,"wilderness, judea, establishing",C:\Users\hoavx\Desktop\AI-Marketing-Factory\biblical-figures-prompts\biblical_figures_ep6_long_images\ep6_003_judean_wilderness_establishing.png
ep6_004_jb_zechariah_announcement.png,16:9,mini_low,6,5390,,any,6,"zechariah, angel, temple, silence",C:\Users\hoavx\Desktop\AI-Marketing-Factory\biblical-figures-prompts\biblical_figures_ep6_long_images\ep6_004_jb_zechariah_announcement.png
ep6_005_jb_naming_zechariah_speaks.png,16:9,mini_low,6,5391,,any,6,"zechariah, elizabeth, naming, voice restored",C:\Users\hoavx\Desktop\AI-Marketing-Factory\biblical-figures-prompts\biblical_figures_ep6_long_images\ep6_005_jb_naming_zechariah_speaks.png
ep6_006_jb_camel_hair_locusts.png,16:9,mini_low,6,5392,baptist,with:baptist,6,"baptist, wilderness, ascetic",C:\Users\hoavx\Desktop\AI-Marketing-Factory\biblical-figures-prompts\biblical_figures_ep6_long_images\ep6_006_jb_camel_hair_locusts.png
ep6_007_jb_elijah_parallel.png,16:9,mini_low,6,5393,baptist,with:baptist,6,"baptist, elijah, prophecy, parallel",C:\Users\hoavx\Desktop\AI-Marketing-Factory\biblical-figures-prompts\biblical_figures_ep6_long_images\ep6_007_jb_elijah_parallel.png
ep6_008_jb_self_denial_not_messiah.png,16:9,mini_low,6,5394,baptist,with:baptist,6,"baptist, denial, humility, jerusalem priests",C:\Users\hoavx\Desktop\AI-Marketing-Factory\biblical-figures-prompts\biblical_figures_ep6_long_images\ep6_008_jb_self_denial_not_messiah.png
ep6_009_jb_preaching_repentance.png,16:9,mini_low,6,5395,baptist,with:baptist,6,"baptist, preaching, crowd",C:\Users\hoavx\Desktop\AI-Marketing-Factory\biblical-figures-prompts\biblical_figures_ep6_long_images\ep6_009_jb_preaching_repentance.png
ep6_011_jb_baptizing_jordan.png,16:9,mini_low,6,5396,baptist,with:baptist,6,"baptist, jordan, baptism, river",C:\Users\hoavx\Desktop\AI-Marketing-Factory\biblical-figures-prompts\biblical_figures_ep6_long_images\ep6_011_jb_baptizing_jordan.png
ep6_012_jb_concrete_ethics.png,16:9,mini_low,6,5397,baptist,with:baptist,6,"baptist, ethics, tax collectors, soldiers",C:\Users\hoavx\Desktop\AI-Marketing-Factory\biblical-figures-prompts\biblical_figures_ep6_long_images\ep6_012_jb_concrete_ethics.png
ep6_013_jb_qumran_scrolls_echo.png,16:9,mini_low,6,5398,,any,6,"qumran, scrolls, essenes, scholarship",C:\Users\hoavx\Desktop\AI-Marketing-Factory\biblical-figures-prompts\biblical_figures_ep6_long_images\ep6_013_jb_qumran_scrolls_echo.png
ep6_014_jb_brood_of_vipers.png,16:9,mini_low,6,5399,baptist,with:baptist,6,"baptist, rebuke, pharisees",C:\Users\hoavx\Desktop\AI-Marketing-Factory\biblical-figures-prompts\biblical_figures_ep6_long_images\ep6_014_jb_brood_of_vipers.png
ep6_015_jb_one_greater_coming.png,16:9,mini_low,6,5400,baptist,with:baptist,6,"baptist, humility, prophecy",C:\Users\hoavx\Desktop\AI-Marketing-Factory\biblical-figures-prompts\biblical_figures_ep6_long_images\ep6_015_jb_one_greater_coming.png
ep6_016_jb_jesus_arrives_jordan.png,16:9,mini_low,6,5401,baptist+jesus,with:baptist,6,"baptist, jesus, hesitation, jordan",C:\Users\hoavx\Desktop\AI-Marketing-Factory\biblical-figures-prompts\biblical_figures_ep6_long_images\ep6_016_jb_jesus_arrives_jordan.png
ep6_017_jb_baptism_of_jesus.png,16:9,mini_low,6,5402,baptist+jesus,with:baptist,6,"baptist, jesus, baptism, dove",C:\Users\hoavx\Desktop\AI-Marketing-Factory\biblical-figures-prompts\biblical_figures_ep6_long_images\ep6_017_jb_baptism_of_jesus.png
ep6_018_jb_own_disciples.png,16:9,mini_low,6,5403,baptist,with:baptist,6,"baptist, disciples, andrew, departure",C:\Users\hoavx\Desktop\AI-Marketing-Factory\biblical-figures-prompts\biblical_figures_ep6_long_images\ep6_018_jb_own_disciples.png
ep6_019_jb_rebukes_herod.png,16:9,mini_low,6,5404,baptist+herod,with:baptist+herod,6+8,"baptist, herod, rebuke, marriage",C:\Users\hoavx\Desktop\AI-Marketing-Factory\biblical-figures-prompts\biblical_figures_ep6_long_images\ep6_019_jb_rebukes_herod.png
ep6_021_jb_arrested_machaerus.png,16:9,mini_low,6,5405,baptist,with:baptist,6+8,"baptist, arrest, machaerus, prison",C:\Users\hoavx\Desktop\AI-Marketing-Factory\biblical-figures-prompts\biblical_figures_ep6_long_images\ep6_021_jb_arrested_machaerus.png
ep6_022_jb_josephus_political_fear.png,16:9,mini_low,6,5406,,any,6,"herod, josephus, political fear",C:\Users\hoavx\Desktop\AI-Marketing-Factory\biblical-figures-prompts\biblical_figures_ep6_long_images\ep6_022_jb_josephus_political_fear.png
ep6_023_jb_josephus_independent_confirmation.png,16:9,mini_low,6,5407,,any,6+8,"josephus, independent source, confirmation",C:\Users\hoavx\Desktop\AI-Marketing-Factory\biblical-figures-prompts\biblical_figures_ep6_long_images\ep6_023_jb_josephus_independent_confirmation.png
ep6_024_jb_herodias_grudge.png,16:9,mini_low,6,5408,herod+herodias,with:herod+herodias,6,"herod, herodias, grudge, contrast",C:\Users\hoavx\Desktop\AI-Marketing-Factory\biblical-figures-prompts\biblical_figures_ep6_long_images\ep6_024_jb_herodias_grudge.png
ep6_025_jb_doubt_in_prison.png,16:9,mini_low,6,5409,baptist,with:baptist,6,"baptist, prison, doubt, question",C:\Users\hoavx\Desktop\AI-Marketing-Factory\biblical-figures-prompts\biblical_figures_ep6_long_images\ep6_025_jb_doubt_in_prison.png
ep6_026_jb_jesus_answer_messengers.png,16:9,mini_low,6,5410,jesus,any,6,"jesus, messengers, praise, answer",C:\Users\hoavx\Desktop\AI-Marketing-Factory\biblical-figures-prompts\biblical_figures_ep6_long_images\ep6_026_jb_jesus_answer_messengers.png
ep6_027_jb_herod_birthday_feast.png,16:9,mini_low,6,5411,herod,with:herod,6,"herod, banquet, dance, feast",C:\Users\hoavx\Desktop\AI-Marketing-Factory\biblical-figures-prompts\biblical_figures_ep6_long_images\ep6_027_jb_herod_birthday_feast.png
ep6_028_jb_herod_rash_oath.png,16:9,mini_low,6,5412,herod,with:herod,6,"herod, oath, banquet, promise",C:\Users\hoavx\Desktop\AI-Marketing-Factory\biblical-figures-prompts\biblical_figures_ep6_long_images\ep6_028_jb_herod_rash_oath.png
ep6_029_jb_girl_asks_mother.png,16:9,mini_low,6,5413,herodias,with:herodias,6,"herodias, daughter, request",C:\Users\hoavx\Desktop\AI-Marketing-Factory\biblical-figures-prompts\biblical_figures_ep6_long_images\ep6_029_jb_girl_asks_mother.png
ep6_030_jb_head_on_platter_request.png,16:9,mini_low,6,5414,,any,6+8,"banquet, platter, shock, request",C:\Users\hoavx\Desktop\AI-Marketing-Factory\biblical-figures-prompts\biblical_figures_ep6_long_images\ep6_030_jb_head_on_platter_request.png
ep6_031_jb_herod_reluctant_order.png,16:9,mini_low,6,5415,herod,with:herod,6,"herod, order, reluctance, oath",C:\Users\hoavx\Desktop\AI-Marketing-Factory\biblical-figures-prompts\biblical_figures_ep6_long_images\ep6_031_jb_herod_reluctant_order.png
ep6_032_jb_disciples_bury_body.png,16:9,mini_low,6,5416,,any,6,"baptist, burial, disciples, tomb",C:\Users\hoavx\Desktop\AI-Marketing-Factory\biblical-figures-prompts\biblical_figures_ep6_long_images\ep6_032_jb_disciples_bury_body.png
ep6_034_jb_relic_veneration_damascus.png,16:9,mini_low,6,5417,,any,6,"relic, veneration, medieval, tradition",C:\Users\hoavx\Desktop\AI-Marketing-Factory\biblical-figures-prompts\biblical_figures_ep6_long_images\ep6_034_jb_relic_veneration_damascus.png
ep6_035_jb_jesus_withdraws_grief.png,16:9,mini_low,6,5418,jesus,any,6,"jesus, grief, withdrawal, solitude",C:\Users\hoavx\Desktop\AI-Marketing-Factory\biblical-figures-prompts\biblical_figures_ep6_long_images\ep6_035_jb_jesus_withdraws_grief.png
ep6_036_jb_mandaean_legacy.png,16:9,mini_low,6,5419,,any,6,"mandaean, legacy, modern, ritual",C:\Users\hoavx\Desktop\AI-Marketing-Factory\biblical-figures-prompts\biblical_figures_ep6_long_images\ep6_036_jb_mandaean_legacy.png
ep6_037_jb_final_portrait.png,16:9,mini_low,6,5420,baptist,with:baptist,6,"baptist, portrait, final, reflective",C:\Users\hoavx\Desktop\AI-Marketing-Factory\biblical-figures-prompts\biblical_figures_ep6_long_images\ep6_037_jb_final_portrait.png
ep6_short_01_jb_face_close_short.png,9:16,mini_low,6,5366,baptist,with:baptist,6,"baptist, portrait, hook",C:\Users\hoavx\Desktop\AI-Marketing-Factory\biblical-figures-prompts\biblical_figures_ep6_short_images\ep6_short_01_jb_face_close_short.png
ep6_short_02_jb_wilderness_short.png,9:16,mini_low,6,5367,baptist,with:baptist,6,"baptist, wilderness, ascetic",C:\Users\hoavx\Desktop\AI-Marketing-Factory\biblical-figures-prompts\biblical_figures_ep6_short_images\ep6_short_02_jb_wilderness_short.png
ep6_short_03_jb_rebuke_short.png,9:16,mini_low,6,5368,baptist+herod,with:baptist+herod,6,"baptist, herod, rebuke",C:\Users\hoavx\Desktop\AI-Marketing-Factory\biblical-figures-prompts\biblical_figures_ep6_short_images\ep6_short_03_jb_rebuke_short.png
ep6_short_04_jb_prison_short.png,9:16,mini_low,6,5369,baptist,with:baptist,6,"baptist, arrest, prison",C:\Users\hoavx\Desktop\AI-Marketing-Factory\biblical-figures-prompts\biblical_figures_ep6_short_images\ep6_short_04_jb_prison_short.png
ep6_short_05_jb_banquet_short.png,9:16,mini_low,6,5370,herod,with:herod,6,"herod, banquet, dance, request",C:\Users\hoavx\Desktop\AI-Marketing-Factory\biblical-figures-prompts\biblical_figures_ep6_short_images\ep6_short_05_jb_banquet_short.png
ep6_short_06_jb_platter_short.png,9:16,mini_low,6,5371,,any,6,"platter, shock, banquet",C:\Users\hoavx\Desktop\AI-Marketing-Factory\biblical-figures-prompts\biblical_figures_ep6_short_images\ep6_short_06_jb_platter_short.png
ep6_short_07_jb_back_river_short.png,9:16,mini_low,6,5372,baptist,with:baptist,6,"baptist, ending, back view",C:\Users\hoavx\Desktop\AI-Marketing-Factory\biblical-figures-prompts\biblical_figures_ep6_short_images\ep6_short_07_jb_back_river_short.png
ep7_001_cp_face_portrait.png,16:9,mini_low,7,7318,caiaphas,with:caiaphas,7,"caiaphas, portrait, hook",C:\Users\hoavx\Desktop\AI-Marketing-Factory\biblical-figures-prompts\biblical_figures_ep7_long_images\ep7_001_cp_face_portrait.png
ep7_002_cp_council_doorway_night.png,16:9,mini_low,7,7319,caiaphas,with:caiaphas,7,"caiaphas, council, night, doorway",C:\Users\hoavx\Desktop\AI-Marketing-Factory\biblical-figures-prompts\biblical_figures_ep7_long_images\ep7_002_cp_council_doorway_night.png
ep7_003_cp_temple_priests_procession.png,16:9,mini_low,7,7320,,any,7,"temple, priests, procession, power",C:\Users\hoavx\Desktop\AI-Marketing-Factory\biblical-figures-prompts\biblical_figures_ep7_long_images\ep7_003_cp_temple_priests_procession.png
ep7_004_cp_vestments_antonia_chest.png,16:9,mini_low,7,7321,,any,7,"vestments, antonia, roman control",C:\Users\hoavx\Desktop\AI-Marketing-Factory\biblical-figures-prompts\biblical_figures_ep7_long_images\ep7_004_cp_vestments_antonia_chest.png
ep7_005_cp_gratus_appoints_priest.png,16:9,mini_low,7,7322,,any,7,"gratus, appointment, rome, priests",C:\Users\hoavx\Desktop\AI-Marketing-Factory\biblical-figures-prompts\biblical_figures_ep7_long_images\ep7_005_cp_gratus_appoints_priest.png
ep7_006_cp_annas_portrait.png,16:9,mini_low,7,7323,annas,with:annas,7,"annas, portrait, dynasty",C:\Users\hoavx\Desktop\AI-Marketing-Factory\biblical-figures-prompts\biblical_figures_ep7_long_images\ep7_006_cp_annas_portrait.png
ep7_007_cp_annas_whispers_caiaphas.png,16:9,mini_low,7,7324,annas+caiaphas,with:annas+caiaphas,7,"annas, caiaphas, power behind throne",C:\Users\hoavx\Desktop\AI-Marketing-Factory\biblical-figures-prompts\biblical_figures_ep7_long_images\ep7_007_cp_annas_whispers_caiaphas.png
ep7_008_cp_priest_and_governor_terrace.png,16:9,mini_low,7,7325,caiaphas+pilate,with:caiaphas+pilate,7,"caiaphas, pilate, partnership, terrace",C:\Users\hoavx\Desktop\AI-Marketing-Factory\biblical-figures-prompts\biblical_figures_ep7_long_images\ep7_008_cp_priest_and_governor_terrace.png
ep7_009_cp_council_lazarus_debate.png,16:9,mini_low,7,7326,,any,7,"council, sanhedrin, john 11, debate",C:\Users\hoavx\Desktop\AI-Marketing-Factory\biblical-figures-prompts\biblical_figures_ep7_long_images\ep7_009_cp_council_lazarus_debate.png
ep7_010_cp_one_man_should_die.png,16:9,mini_low,7,7327,caiaphas,with:caiaphas,7,"caiaphas, speech, one man should die",C:\Users\hoavx\Desktop\AI-Marketing-Factory\biblical-figures-prompts\biblical_figures_ep7_long_images\ep7_010_cp_one_man_should_die.png
ep7_012_cp_temple_tables_overturned.png,16:9,mini_low,7,7328,jesus,any,7,"temple, tables overturned, coins, jesus",C:\Users\hoavx\Desktop\AI-Marketing-Factory\biblical-figures-prompts\biblical_figures_ep7_long_images\ep7_012_cp_temple_tables_overturned.png
ep7_013_cp_plot_in_palace_courtyard.png,16:9,mini_low,7,7329,caiaphas,with:caiaphas,7,"caiaphas, plot, palace, night",C:\Users\hoavx\Desktop\AI-Marketing-Factory\biblical-figures-prompts\biblical_figures_ep7_long_images\ep7_013_cp_plot_in_palace_courtyard.png
ep7_015_cp_jesus_led_bound_night_street.png,16:9,mini_low,7,7330,jesus,any,7,"jesus, arrested, bound, street, night",C:\Users\hoavx\Desktop\AI-Marketing-Factory\biblical-figures-prompts\biblical_figures_ep7_long_images\ep7_015_cp_jesus_led_bound_night_street.png
ep7_016_cp_night_hearing_witnesses.png,16:9,mini_low,7,7331,caiaphas+jesus,with:caiaphas,7,"trial, witnesses, sanhedrin, night",C:\Users\hoavx\Desktop\AI-Marketing-Factory\biblical-figures-prompts\biblical_figures_ep7_long_images\ep7_016_cp_night_hearing_witnesses.png
ep7_017_cp_the_question_closeup.png,16:9,mini_low,7,7332,caiaphas,with:caiaphas,7,"caiaphas, question, messiah, closeup",C:\Users\hoavx\Desktop\AI-Marketing-Factory\biblical-figures-prompts\biblical_figures_ep7_long_images\ep7_017_cp_the_question_closeup.png
ep7_018_cp_tearing_robes.png,16:9,mini_low,7,7333,caiaphas,with:caiaphas,7,"caiaphas, blasphemy, torn robe",C:\Users\hoavx\Desktop\AI-Marketing-Factory\biblical-figures-prompts\biblical_figures_ep7_long_images\ep7_018_cp_tearing_robes.png
ep7_019_cp_peter_courtyard_fire.png,16:9,mini_low,7,7334,peter,with:peter,7,"peter, denial, courtyard, fire",C:\Users\hoavx\Desktop\AI-Marketing-Factory\biblical-figures-prompts\biblical_figures_ep7_long_images\ep7_019_cp_peter_courtyard_fire.png
ep7_021_cp_priests_lead_to_pilate_dawn.png,16:9,mini_low,7,7335,jesus,any,7+8,"priests, pilate, dawn, handover",C:\Users\hoavx\Desktop\AI-Marketing-Factory\biblical-figures-prompts\biblical_figures_ep7_long_images\ep7_021_cp_priests_lead_to_pilate_dawn.png
ep7_023_cp_tomb_guards_sealed_stone.png,16:9,mini_low,7,7336,,any,7,"tomb, guards, seal, matthew 27",C:\Users\hoavx\Desktop\AI-Marketing-Factory\biblical-figures-prompts\biblical_figures_ep7_long_images\ep7_023_cp_tomb_guards_sealed_stone.png
ep7_025_cp_gamaliel_counsels_caution.png,16:9,mini_low,7,7337,,any,7,"gamaliel, council, caution, acts 5",C:\Users\hoavx\Desktop\AI-Marketing-Factory\biblical-figures-prompts\biblical_figures_ep7_long_images\ep7_025_cp_gamaliel_counsels_caution.png
ep7_027_cp_vitellius_returns_vestments.png,16:9,mini_low,7,7338,vitellius,with:vitellius,7,"vitellius, vestments, jerusalem, deposition",C:\Users\hoavx\Desktop\AI-Marketing-Factory\biblical-figures-prompts\biblical_figures_ep7_long_images\ep7_027_cp_vitellius_returns_vestments.png
ep7_028_cp_caiaphas_vanishes_street_dusk.png,16:9,mini_low,7,7339,caiaphas,with:caiaphas,7,"caiaphas, vanishes, dusk, alone",C:\Users\hoavx\Desktop\AI-Marketing-Factory\biblical-figures-prompts\biblical_figures_ep7_long_images\ep7_028_cp_caiaphas_vanishes_street_dusk.png
ep7_029_cp_burial_cave_discovery.png,16:9,mini_low,7,7340,,any,7,"archaeology, burial cave, ossuaries, 1990",C:\Users\hoavx\Desktop\AI-Marketing-Factory\biblical-figures-prompts\biblical_figures_ep7_long_images\ep7_029_cp_burial_cave_discovery.png
ep7_030_cp_ossuary_inscription.png,16:9,mini_low,7,7341,,any,7,"ossuary, inscription, joseph son of caiaphas",C:\Users\hoavx\Desktop\AI-Marketing-Factory\biblical-figures-prompts\biblical_figures_ep7_long_images\ep7_030_cp_ossuary_inscription.png
ep7_031_cp_scholars_examine_inscription.png,16:9,mini_low,7,7342,,any,7,"scholars, inscription, debate, caiaphas",C:\Users\hoavx\Desktop\AI-Marketing-Factory\biblical-figures-prompts\biblical_figures_ep7_long_images\ep7_031_cp_scholars_examine_inscription.png
ep7_032_cp_mount_zion_church_dawn.png,16:9,mini_low,7,7343,,any,7,"mount zion, church, traditional site",C:\Users\hoavx\Desktop\AI-Marketing-Factory\biblical-figures-prompts\biblical_figures_ep7_long_images\ep7_032_cp_mount_zion_church_dawn.png
ep7_033_cp_caiaphas_window_temple_night.png,16:9,mini_low,7,7344,caiaphas,with:caiaphas,7,"caiaphas, window, temple, power, fear",C:\Users\hoavx\Desktop\AI-Marketing-Factory\biblical-figures-prompts\biblical_figures_ep7_long_images\ep7_033_cp_caiaphas_window_temple_night.png
ep7_035_cp_priestly_servants_tithes.png,16:9,mini_low,7,7345,,any,7,"priestly families, tithes, reputation, josephus",C:\Users\hoavx\Desktop\AI-Marketing-Factory\biblical-figures-prompts\biblical_figures_ep7_long_images\ep7_035_cp_priestly_servants_tithes.png
ep7_037_cp_dante_hypocrites_procession.png,16:9,mini_low,7,7346,,any,7,"dante, inferno, hypocrites, legacy",C:\Users\hoavx\Desktop\AI-Marketing-Factory\biblical-figures-prompts\biblical_figures_ep7_long_images\ep7_037_cp_dante_hypocrites_procession.png
ep7_038_cp_scroll_and_ossuary_together.png,16:9,mini_low,7,7347,,any,7,"evidence, scroll, ossuary, historical",C:\Users\hoavx\Desktop\AI-Marketing-Factory\biblical-figures-prompts\biblical_figures_ep7_long_images\ep7_038_cp_scroll_and_ossuary_together.png
ep7_short_01_cp_hook_short.png,9:16,mini_low,7,7348,caiaphas,with:caiaphas,7,"caiaphas, portrait, hook",C:\Users\hoavx\Desktop\AI-Marketing-Factory\biblical-figures-prompts\biblical_figures_ep7_short_images\ep7_short_01_cp_hook_short.png
ep7_short_02_cp_annas_short.png,9:16,mini_low,7,7349,annas,with:annas,7,"annas, dynasty",C:\Users\hoavx\Desktop\AI-Marketing-Factory\biblical-figures-prompts\biblical_figures_ep7_short_images\ep7_short_02_cp_annas_short.png
ep7_short_03_cp_council_short.png,9:16,mini_low,7,7350,caiaphas,with:caiaphas,7,"council, caiaphas, speech",C:\Users\hoavx\Desktop\AI-Marketing-Factory\biblical-figures-prompts\biblical_figures_ep7_short_images\ep7_short_03_cp_council_short.png
ep7_short_04_cp_tearing_robes_short.png,9:16,mini_low,7,7351,caiaphas,with:caiaphas,7,"caiaphas, blasphemy, torn robe",C:\Users\hoavx\Desktop\AI-Marketing-Factory\biblical-figures-prompts\biblical_figures_ep7_short_images\ep7_short_04_cp_tearing_robes_short.png
ep7_short_05_cp_to_pilate_short.png,9:16,mini_low,7,7352,jesus,any,7,"priests, pilate, dawn",C:\Users\hoavx\Desktop\AI-Marketing-Factory\biblical-figures-prompts\biblical_figures_ep7_short_images\ep7_short_05_cp_to_pilate_short.png
ep7_short_06_cp_vanishes_short.png,9:16,mini_low,7,7353,caiaphas,with:caiaphas,7,"caiaphas, vanishes, dusk",C:\Users\hoavx\Desktop\AI-Marketing-Factory\biblical-figures-prompts\biblical_figures_ep7_short_images\ep7_short_06_cp_vanishes_short.png
ep7_short_07_cp_ossuary_short.png,9:16,mini_low,7,7354,,any,7,"ossuary, inscription",C:\Users\hoavx\Desktop\AI-Marketing-Factory\biblical-figures-prompts\biblical_figures_ep7_short_images\ep7_short_07_cp_ossuary_short.png
ep8_001_ha_face_portrait.png,16:9,mini_low,8,9307,herod,with:herod,8,"herod antipas, portrait, hook",C:\Users\hoavx\Desktop\AI-Marketing-Factory\biblical-figures-prompts\biblical_figures_ep8_long_images\ep8_001_ha_face_portrait.png
ep8_002_ha_herod_herodias_hall.png,16:9,mini_low,8,9308,herod+herodias,with:herod+herodias,8,"herod antipas, herodias, palace, couple",C:\Users\hoavx\Desktop\AI-Marketing-Factory\biblical-figures-prompts\biblical_figures_ep8_long_images\ep8_002_ha_herod_herodias_hall.png
ep8_003_ha_tiberias_lakeside_city.png,16:9,mini_low,8,9309,,any,8,"tiberias, galilee, city, lake",C:\Users\hoavx\Desktop\AI-Marketing-Factory\biblical-figures-prompts\biblical_figures_ep8_long_images\ep8_003_ha_tiberias_lakeside_city.png
ep8_004_ha_augustus_divides_kingdom.png,16:9,mini_low,8,9310,,any,8,"augustus, herod the great, will, three sons",C:\Users\hoavx\Desktop\AI-Marketing-Factory\biblical-figures-prompts\biblical_figures_ep8_long_images\ep8_004_ha_augustus_divides_kingdom.png
ep8_005_ha_sepphoris_rebuilt.png,16:9,mini_low,8,9311,,any,8,"sepphoris, building, galilee, nazareth",C:\Users\hoavx\Desktop\AI-Marketing-Factory\biblical-figures-prompts\biblical_figures_ep8_long_images\ep8_005_ha_sepphoris_rebuilt.png
ep8_006_ha_tiberias_graveyard_founding.png,16:9,mini_low,8,9312,,any,8,"tiberias, founding, graveyard, jewish objection",C:\Users\hoavx\Desktop\AI-Marketing-Factory\biblical-figures-prompts\biblical_figures_ep8_long_images\ep8_006_ha_tiberias_graveyard_founding.png
ep8_007_ha_coin_palm_reed.png,16:9,mini_low,8,9313,,any,8,"coin, palm, reed, no portrait, balance",C:\Users\hoavx\Desktop\AI-Marketing-Factory\biblical-figures-prompts\biblical_figures_ep8_long_images\ep8_007_ha_coin_palm_reed.png
ep8_008_ha_antipas_meets_herodias.png,16:9,mini_low,8,9314,herod+herodias,with:herod+herodias,8,"antipas, herodias, rome, affair, hospitality",C:\Users\hoavx\Desktop\AI-Marketing-Factory\biblical-figures-prompts\biblical_figures_ep8_long_images\ep8_008_ha_antipas_meets_herodias.png
ep8_009_ha_princess_flees_machaerus.png,16:9,mini_low,8,9315,,any,8,"nabatean princess, flight, machaerus, desert",C:\Users\hoavx\Desktop\AI-Marketing-Factory\biblical-figures-prompts\biblical_figures_ep8_long_images\ep8_009_ha_princess_flees_machaerus.png
ep8_011_ha_herod_listens_to_john.png,16:9,mini_low,8,9316,baptist+herod,with:baptist+herod,8,"herod, john the baptist, prison, listening",C:\Users\hoavx\Desktop\AI-Marketing-Factory\biblical-figures-prompts\biblical_figures_ep8_long_images\ep8_011_ha_herod_listens_to_john.png
ep8_013_ha_galilee_lakeshore_ministry.png,16:9,mini_low,8,9317,,any,8,"galilee, ministry, lakeshore, crowds",C:\Users\hoavx\Desktop\AI-Marketing-Factory\biblical-figures-prompts\biblical_figures_ep8_long_images\ep8_013_ha_galilee_lakeshore_ministry.png
ep8_014_ha_herod_perplexed_night.png,16:9,mini_low,8,9318,herod,with:herod,8,"herod, perplexed, john risen, superstition",C:\Users\hoavx\Desktop\AI-Marketing-Factory\biblical-figures-prompts\biblical_figures_ep8_long_images\ep8_014_ha_herod_perplexed_night.png
ep8_015_ha_fox_warning_road.png,16:9,mini_low,8,9319,jesus,any,8,"jesus, pharisees, warning, fox, road",C:\Users\hoavx\Desktop\AI-Marketing-Factory\biblical-figures-prompts\biblical_figures_ep8_long_images\ep8_015_ha_fox_warning_road.png
ep8_016_ha_joanna_funds_disciples.png,16:9,mini_low,8,9320,,any,8,"joanna, chuza, funding, household",C:\Users\hoavx\Desktop\AI-Marketing-Factory\biblical-figures-prompts\biblical_figures_ep8_long_images\ep8_016_ha_joanna_funds_disciples.png
ep8_018_ha_herod_questions_silent_jesus.png,16:9,mini_low,8,9321,herod+jesus,with:herod,8,"herod, jesus, silence, questioning",C:\Users\hoavx\Desktop\AI-Marketing-Factory\biblical-figures-prompts\biblical_figures_ep8_long_images\ep8_018_ha_herod_questions_silent_jesus.png
ep8_020_ha_pilate_galileans_temple.png,16:9,mini_low,8,9322,,any,8,"pilate, galileans, temple, enmity",C:\Users\hoavx\Desktop\AI-Marketing-Factory\biblical-figures-prompts\biblical_figures_ep8_long_images\ep8_020_ha_pilate_galileans_temple.png
ep8_022_ha_aretas_army_defeated.png,16:9,mini_low,8,9323,,any,8,"aretas, nabatea, defeat, army, 36 ad",C:\Users\hoavx\Desktop\AI-Marketing-Factory\biblical-figures-prompts\biblical_figures_ep8_long_images\ep8_022_ha_aretas_army_defeated.png
ep8_024_ha_legions_halted_tiberius_dies.png,16:9,mini_low,8,9324,,any,8,"vitellius, legions, tiberius death, halted",C:\Users\hoavx\Desktop\AI-Marketing-Factory\biblical-figures-prompts\biblical_figures_ep8_long_images\ep8_024_ha_legions_halted_tiberius_dies.png
ep8_025_ha_caligula_crowns_agrippa.png,16:9,mini_low,8,9325,,any,8,"caligula, agrippa, crown, rome",C:\Users\hoavx\Desktop\AI-Marketing-Factory\biblical-figures-prompts\biblical_figures_ep8_long_images\ep8_025_ha_caligula_crowns_agrippa.png
ep8_026_ha_herodias_urges_rome.png,16:9,mini_low,8,9326,herod+herodias,with:herod+herodias,8,"herodias, urging, ambition, antipas",C:\Users\hoavx\Desktop\AI-Marketing-Factory\biblical-figures-prompts\biblical_figures_ep8_long_images\ep8_026_ha_herodias_urges_rome.png
ep8_027_ha_caligula_reads_accusations.png,16:9,mini_low,8,9327,herod,with:herod,8,"caligula, accusations, antipas, weapons",C:\Users\hoavx\Desktop\AI-Marketing-Factory\biblical-figures-prompts\biblical_figures_ep8_long_images\ep8_027_ha_caligula_reads_accusations.png
ep8_030_ha_antipas_exile_hillside.png,16:9,mini_low,8,9328,herod,with:herod,8,"antipas, exile, foreign hillside, old age",C:\Users\hoavx\Desktop\AI-Marketing-Factory\biblical-figures-prompts\biblical_figures_ep8_long_images\ep8_030_ha_antipas_exile_hillside.png
ep8_031_ha_tiberias_academy_legacy.png,16:9,mini_low,8,9329,,any,8,"tiberias, scholars, talmud, legacy",C:\Users\hoavx\Desktop\AI-Marketing-Factory\biblical-figures-prompts\biblical_figures_ep8_long_images\ep8_031_ha_tiberias_academy_legacy.png
ep8_033_ha_herodians_pharisees_plot.png,16:9,mini_low,8,9330,,any,8,"herodians, pharisees, plot, mark 3",C:\Users\hoavx\Desktop\AI-Marketing-Factory\biblical-figures-prompts\biblical_figures_ep8_long_images\ep8_033_ha_herodians_pharisees_plot.png
ep8_034_ha_antipas_window_tiberias.png,16:9,mini_low,8,9331,herod,with:herod,8,"antipas, window, tiberias, reflection, two readings",C:\Users\hoavx\Desktop\AI-Marketing-Factory\biblical-figures-prompts\biblical_figures_ep8_long_images\ep8_034_ha_antipas_window_tiberias.png
ep8_035_ha_empty_throne_crown.png,16:9,mini_low,8,9332,,any,8,"crown, throne, ambition, never king",C:\Users\hoavx\Desktop\AI-Marketing-Factory\biblical-figures-prompts\biblical_figures_ep8_long_images\ep8_035_ha_empty_throne_crown.png
ep8_short_01_ha_hook_short.png,9:16,mini_low,8,9333,herod,with:herod,8,"herod antipas, portrait, hook",C:\Users\hoavx\Desktop\AI-Marketing-Factory\biblical-figures-prompts\biblical_figures_ep8_short_images\ep8_short_01_ha_hook_short.png
ep8_short_02_ha_tiberias_short.png,9:16,mini_low,8,9334,,any,8,"tiberias, galilee, city",C:\Users\hoavx\Desktop\AI-Marketing-Factory\biblical-figures-prompts\biblical_figures_ep8_short_images\ep8_short_02_ha_tiberias_short.png
ep8_short_03_ha_couple_short.png,9:16,mini_low,8,9335,herod+herodias,with:herod+herodias,8,"herod antipas, herodias",C:\Users\hoavx\Desktop\AI-Marketing-Factory\biblical-figures-prompts\biblical_figures_ep8_short_images\ep8_short_03_ha_couple_short.png
ep8_short_04_ha_questions_jesus_short.png,9:16,mini_low,8,9336,herod+jesus,with:herod,8,"herod, jesus, silence",C:\Users\hoavx\Desktop\AI-Marketing-Factory\biblical-figures-prompts\biblical_figures_ep8_short_images\ep8_short_04_ha_questions_jesus_short.png
ep8_short_05_ha_robe_short.png,9:16,mini_low,8,9337,herod,with:herod,8,"herod, mockery, robe",C:\Users\hoavx\Desktop\AI-Marketing-Factory\biblical-figures-prompts\biblical_figures_ep8_short_images\ep8_short_05_ha_robe_short.png
ep8_short_06_ha_exile_short.png,9:16,mini_low,8,9338,herod,with:herod,8,"antipas, exile, ship",C:\Users\hoavx\Desktop\AI-Marketing-Factory\biblical-figures-prompts\biblical_figures_ep8_short_images\ep8_short_06_ha_exile_short.png
ep8_short_07_ha_empty_throne_short.png,9:16,mini_low,8,9339,,any,8,"throne, crown, ambition",C:\Users\hoavx\Desktop\AI-Marketing-Factory\biblical-figures-prompts\biblical_figures_ep8_short_images\ep8_short_07_ha_empty_throne_short.png
